"store", "websites", "attribute_set", "type", "category_ids", "sku", "has_options", "price", "cost", "weight", "special_price", "msrp", "name", "meta_title", "meta_description", "image", "small_image", "url_key", "thumbnail", "model", "gift_message_available", "url_path", "custom_design", "options_container", "page_layout", "country_of_manufacture", "msrp_enabled", "msrp_display_actual_price_type", "voltage", "torque", "rpm", "chuck_settings", "chuck_size", "tool_lenght", "shipping_weight", "battery", "description", "meta_keyword", "short_description", "custom_layout_update", "manufacturer", "color", "status", "tax_class_id", "visibility", "enable_googlecheckout", "is_recurring", "is_imported", "special_from_date", "special_to_date", "custom_design_from", "custom_design_to", "news_from_date", "news_to_date", "qty", "min_qty", "use_config_min_qty", "is_qty_decimal", "backorders", "use_config_backorders", "min_sale_qty", "use_config_min_sale_qty", "max_sale_qty", "use_config_max_sale_qty", "is_in_stock", "low_stock_date", "notify_stock_qty", "use_config_notify_stock_qty", "manage_stock", "use_config_manage_stock", "stock_status_changed_auto", "use_config_qty_increments", "qty_increments", "use_config_enable_qty_inc", "enable_qty_increments", "stock_status_changed_automatically", "use_config_enable_qty_increments", "product_name", "store_id", "product_type_id", "product_status_changed", "product_changed_websites"
"admin", "base", "Cordless Tool", "simple", "150", "MK1902", "0", "139", "", "1.0000", "", "", "Makita PLANER 3-1/4" 1902", "", "", "", "", "default-url-key", "", "DEFAULT_MODEL", "No", "default-url-key.html", "", "Block after Info Column", "No layout updates", " ", "Use config", "Use config", "", "", "", "", "", "", "", "", "PLANER 3-1/4" MK1902", "", "DEFAULT_SHORT_DESCRIPTION", "", "", "", "Disabled", "default", "Not Visible Individually", "Yes", "No", "No", "", "", "", "", "", "", "100.0000", "0.0000", "1", "0", "0", "1", "1.0000", "1", "0.0000", "1", "1", "", "0.0000", "1", "0", "1", "0", "1", "0.0000", "1", "0", "0", "1", "Default Name", "0", "simple", "", ""
"admin", "base", "Cordless Tool", "simple", "150", "MK2107F", "0", "339", "", "1.0000", "", "", "Makita PORTABLE BANDSAW KIT VS 2107F", "", "", "", "", "default-url-key", "", "DEFAULT_MODEL", "No", "default-url-key.html", "", "Block after Info Column", "No layout updates", " ", "Use config", "Use config", "", "", "", "", "", "", "", "", "PORTABLE BANDSAW KIT VS MK2107F", "", "DEFAULT_SHORT_DESCRIPTION", "", "", "", "Disabled", "default", "Not Visible Individually", "Yes", "No", "No", "", "", "", "", "", "", "100.0000", "0.0000", "1", "0", "0", "1", "1.0000", "1", "0.0000", "1", "1", "", "0.0000", "1", "0", "1", "0", "1", "0.0000", "1", "0", "0", "1", "Default Name", "0", "simple", "", ""
"admin", "base", "Cordless Tool", "simple", "150", "MK2107FK", "0", "349", "", "1.0000", "", "", "Makita PORTABLE BANDSAW W/CASE 2107F", "", "", "", "", "default-url-key", "", "DEFAULT_MODEL", "No", "default-url-key.html", "", "Block after Info Column", "No layout updates", " ", "Use config", "Use config", "", "", "", "", "", "", "", "", "PORTABLE BANDSAW W/CASE MK2107FK", "", "DEFAULT_SHORT_DESCRIPTION", "", "", "", "Disabled", "default", "Not Visible Individually", "Yes", "No", "No", "", "", "", "", "", "", "100.0000", "0.0000", "1", "0", "0", "1", "1.0000", "1", "0.0000", "1", "1", "", "0.0000", "1", "0", "1", "0", "1", "0.0000", "1", "0", "0", "1", "Default Name", "0", "simple", "", ""
"admin", "base", "Cordless Tool", "simple", "150", "MK2107FK", "0", "349", "", "1.0000", "", "", "Makita PORTABLE BANDSAW W/CASE 2107FK", "", "", "", "", "default-url-key", "", "DEFAULT_MODEL", "No", "default-url-key.html", "", "Block after Info Column", "No layout updates", " ", "Use config", "Use config", "", "", "", "", "", "", "", "", "PORTABLE BANDSAW W/CASE MK2107FK", "", "DEFAULT_SHORT_DESCRIPTION", "", "", "", "Disabled", "default", "Not Visible Individually", "Yes", "No", "No", "", "", "", "", "", "", "100.0000", "0.0000", "1", "0", "0", "1", "1.0000", "1", "0.0000", "1", "1", "", "0.0000", "1", "0", "1", "0", "1", "0.0000", "1", "0", "0", "1", "Default Name", "0", "simple", "", ""
"admin", "base", "Cordless Tool", "simple", "150", "MK3709", "0", "109", "", "1.0000", "", "", "Makita LAMINATE TRIMMER 3709", "", "", "", "", "default-url-key", "", "DEFAULT_MODEL", "No", "default-url-key.html", "", "Block after Info Column", "No layout updates", " ", "Use config", "Use config", "", "", "", "", "", "", "", "", "LAMINATE TRIMMER MK3709", "", "DEFAULT_SHORT_DESCRIPTION", "", "", "", "Disabled", "default", "Not Visible Individually", "Yes", "No", "No", "", "", "", "", "", "", "100.0000", "0.0000", "1", "0", "0", "1", "1.0000", "1", "0.0000", "1", "1", "", "0.0000", "1", "0", "1", "0", "1", "0.0000", "1", "0", "0", "1", "Default Name", "0", "simple", "", ""
"admin", "base", "Cordless Tool", "simple", "150", "MK3901", "0", "229", "", "1.0000", "", "", "Makita PLATE JOINTER 3901", "", "", "", "", "default-url-key", "", "DEFAULT_MODEL", "No", "default-url-key.html", "", "Block after Info Column", "No layout updates", " ", "Use config", "Use config", "", "", "", "", "", "", "", "", "PLATE JOINTER MK3901", "", "DEFAULT_SHORT_DESCRIPTION", "", "", "", "Disabled", "default", "Not Visible Individually", "Yes", "No", "No", "", "", "", "", "", "", "100.0000", "0.0000", "1", "0", "0", "1", "1.0000", "1", "0.0000", "1", "1", "", "0.0000", "1", "0", "1", "0", "1", "0.0000", "1", "0", "0", "1", "Default Name", "0", "simple", "", ""
"admin", "base", "Cordless Tool", "simple", "150", "MK4100NH", "0", "129", "", "1.0000", "", "", "Makita 4-3/8" MASONRY SAW 12AMP 4100NH", "", "", "", "", "default-url-key", "", "DEFAULT_MODEL", "No", "default-url-key.html", "", "Block after Info Column", "No layout updates", " ", "Use config", "Use config", "", "", "", "", "", "", "", "", "4-3/8" MASONRY SAW 12AMP MK4100NH", "", "DEFAULT_SHORT_DESCRIPTION", "", "", "", "Disabled", "default", "Not Visible Individually", "Yes", "No", "No", "", "", "", "", "", "", "100.0000", "0.0000", "1", "0", "0", "1", "1.0000", "1", "0.0000", "1", "1", "", "0.0000", "1", "0", "1", "0", "1", "0.0000", "1", "0", "0", "1", "Default Name", "0", "simple", "", ""
"admin", "base", "Cordless Tool", "simple", "150", "MK4101RH", "0", "329", "", "1.0000", "", "", "Makita CIRCULAR SAW 5" 4101RH", "", "", "", "", "default-url-key", "", "DEFAULT_MODEL", "No", "default-url-key.html", "", "Block after Info Column", "No layout updates", " ", "Use config", "Use config", "", "", "", "", "", "", "", "", "CIRCULAR SAW 5" MK4101RH", "", "DEFAULT_SHORT_DESCRIPTION", "", "", "", "Disabled", "default", "Not Visible Individually", "Yes", "No", "No", "", "", "", "", "", "", "100.0000", "0.0000", "1", "0", "0", "1", "1.0000", "1", "0.0000", "1", "1", "", "0.0000", "1", "0", "1", "0", "1", "0.0000", "1", "0", "0", "1", "Default Name", "0", "simple", "", ""
"admin", "base", "Cordless Tool", "simple", "150", "MK4200NH", "0", "189", "", "1.0000", "", "", "Makita CIRCULAR SAW 4-3/8" 4200NH", "", "", "", "", "default-url-key", "", "DEFAULT_MODEL", "No", "default-url-key.html", "", "Block after Info Column", "No layout updates", " ", "Use config", "Use config", "", "", "", "", "", "", "", "", "CIRCULAR SAW 4-3/8" MK4200NH", "", "DEFAULT_SHORT_DESCRIPTION", "", "", "", "Disabled", "default", "Not Visible Individually", "Yes", "No", "No", "", "", "", "", "", "", "100.0000", "0.0000", "1", "0", "0", "1", "1.0000", "1", "0.0000", "1", "1", "", "0.0000", "1", "0", "1", "0", "1", "0.0000", "1", "0", "0", "1", "Default Name", "0", "simple", "", ""
"admin", "base", "Cordless Tool", "simple", "150", "MK5005BA", "0", "259", "", "1.0000", "", "", "Makita CIRCULAR SAW 5-1/2" 5005BA", "", "", "", "", "default-url-key", "", "DEFAULT_MODEL", "No", "default-url-key.html", "", "Block after Info Column", "No layout updates", " ", "Use config", "Use config", "", "", "", "", "", "", "", "", "CIRCULAR SAW 5-1/2" MK5005BA", "", "DEFAULT_SHORT_DESCRIPTION", "", "", "", "Disabled", "default", "Not Visible Individually", "Yes", "No", "No", "", "", "", "", "", "", "100.0000", "0.0000", "1", "0", "0", "1", "1.0000", "1", "0.0000", "1", "1", "", "0.0000", "1", "0", "1", "0", "1", "0.0000", "1", "0", "0", "1", "Default Name", "0", "simple", "", ""
"admin", "base", "Cordless Tool", "simple", "150", "MK5007MG", "0", "149", "", "1.0000", "", "", "Makita CIRCULAR SAW - 7-1/4" 5007MG", "", "", "", "", "default-url-key", "", "DEFAULT_MODEL", "No", "default-url-key.html", "", "Block after Info Column", "No layout updates", " ", "Use config", "Use config", "", "", "", "", "", "", "", "", "CIRCULAR SAW - 7-1/4" MK5007MG", "", "DEFAULT_SHORT_DESCRIPTION", "", "", "", "Disabled", "default", "Not Visible Individually", "Yes", "No", "No", "", "", "", "", "", "", "100.0000", "0.0000", "1", "0", "0", "1", "1.0000", "1", "0.0000", "1", "1", "", "0.0000", "1", "0", "1", "0", "1", "0.0000", "1", "0", "0", "1", "Default Name", "0", "simple", "", ""
"admin", "base", "Cordless Tool", "simple", "150", "MK5377MG", "0", "179", "", "1.0000", "", "", "Makita CIRCULAR SAW 7-1/4" 5377MG", "", "", "", "", "default-url-key", "", "DEFAULT_MODEL", "No", "default-url-key.html", "", "Block after Info Column", "No layout updates", " ", "Use config", "Use config", "", "", "", "", "", "", "", "", "CIRCULAR SAW 7-1/4" MK5377MG", "", "DEFAULT_SHORT_DESCRIPTION", "", "", "", "Disabled", "default", "Not Visible Individually", "Yes", "No", "No", "", "", "", "", "", "", "100.0000", "0.0000", "1", "0", "0", "1", "1.0000", "1", "0.0000", "1", "1", "", "0.0000", "1", "0", "1", "0", "1", "0.0000", "1", "0", "0", "1", "Default Name", "0", "simple", "", ""
"admin", "base", "Cordless Tool", "simple", "150", "MK5740NB", "0", "99.39", "", "1.0000", "", "", "Makita CIRCULAR SAW 7-1/4" 5740NB", "", "", "", "", "default-url-key", "", "DEFAULT_MODEL", "No", "default-url-key.html", "", "Block after Info Column", "No layout updates", " ", "Use config", "Use config", "", "", "", "", "", "", "", "", "CIRCULAR SAW 7-1/4" MK5740NB", "", "DEFAULT_SHORT_DESCRIPTION", "", "", "", "Disabled", "default", "Not Visible Individually", "Yes", "No", "No", "", "", "", "", "", "", "100.0000", "0.0000", "1", "0", "0", "1", "1.0000", "1", "0.0000", "1", "1", "", "0.0000", "1", "0", "1", "0", "1", "0.0000", "1", "0", "0", "1", "Default Name", "0", "simple", "", ""
"admin", "base", "Cordless Tool", "simple", "150", "MK6407", "0", "79.39", "", "1.0000", "", "", "Makita DRILL MOTOR 3/8" 6407", "", "", "", "", "default-url-key", "", "DEFAULT_MODEL", "No", "default-url-key.html", "", "Block after Info Column", "No layout updates", " ", "Use config", "Use config", "", "", "", "", "", "", "", "", "DRILL MOTOR 3/8" MK6407", "", "DEFAULT_SHORT_DESCRIPTION", "", "", "", "Disabled", "default", "Not Visible Individually", "Yes", "No", "No", "", "", "", "", "", "", "100.0000", "0.0000", "1", "0", "0", "1", "1.0000", "1", "0.0000", "1", "1", "", "0.0000", "1", "0", "1", "0", "1", "0.0000", "1", "0", "0", "1", "Default Name", "0", "simple", "", ""
"admin", "base", "Cordless Tool", "simple", "150", "MK6408", "0", "79.39", "", "1.0000", "", "", "Makita DRILL MOTOR 3/8" KEYLESS 6408", "", "", "", "", "default-url-key", "", "DEFAULT_MODEL", "No", "default-url-key.html", "", "Block after Info Column", "No layout updates", " ", "Use config", "Use config", "", "", "", "", "", "", "", "", "DRILL MOTOR 3/8" KEYLESS MK6408", "", "DEFAULT_SHORT_DESCRIPTION", "", "", "", "Disabled", "default", "Not Visible Individually", "Yes", "No", "No", "", "", "", "", "", "", "100.0000", "0.0000", "1", "0", "0", "1", "1.0000", "1", "0.0000", "1", "1", "", "0.0000", "1", "0", "1", "0", "1", "0.0000", "1", "0", "0", "1", "Default Name", "0", "simple", "", ""
"admin", "base", "Cordless Tool", "simple", "150", "MK6827", "0", "174", "", "1.0000", "", "", "Makita SCREWDRIVER - SIX STAGE 6827", "", "", "", "", "default-url-key", "", "DEFAULT_MODEL", "No", "default-url-key.html", "", "Block after Info Column", "No layout updates", " ", "Use config", "Use config", "", "", "", "", "", "", "", "", "SCREWDRIVER - SIX STAGE MK6827", "", "DEFAULT_SHORT_DESCRIPTION", "", "", "", "Disabled", "default", "Not Visible Individually", "Yes", "No", "No", "", "", "", "", "", "", "100.0000", "0.0000", "1", "0", "0", "1", "1.0000", "1", "0.0000", "1", "1", "", "0.0000", "1", "0", "1", "0", "1", "0.0000", "1", "0", "0", "1", "Default Name", "0", "simple", "", ""
"admin", "base", "Cordless Tool", "simple", "150", "MK6906", "0", "569", "", "1.0000", "", "", "Makita IMPACT WRENCH 3/4" 6906", "", "", "", "", "default-url-key", "", "DEFAULT_MODEL", "No", "default-url-key.html", "", "Block after Info Column", "No layout updates", " ", "Use config", "Use config", "", "", "", "", "", "", "", "", "IMPACT WRENCH 3/4" MK6906", "", "DEFAULT_SHORT_DESCRIPTION", "", "", "", "Disabled", "default", "Not Visible Individually", "Yes", "No", "No", "", "", "", "", "", "", "100.0000", "0.0000", "1", "0", "0", "1", "1.0000", "1", "0.0000", "1", "1", "", "0.0000", "1", "0", "1", "0", "1", "0.0000", "1", "0", "0", "1", "Default Name", "0", "simple", "", ""
"admin", "base", "Cordless Tool", "simple", "150", "MK6952", "0", "209", "", "1.0000", "", "", "Makita IMPACT DRIVER HEX SHANK 6952", "", "", "", "", "default-url-key", "", "DEFAULT_MODEL", "No", "default-url-key.html", "", "Block after Info Column", "No layout updates", " ", "Use config", "Use config", "", "", "", "", "", "", "", "", "IMPACT DRIVER HEX SHANK MK6952", "", "DEFAULT_SHORT_DESCRIPTION", "", "", "", "Disabled", "default", "Not Visible Individually", "Yes", "No", "No", "", "", "", "", "", "", "100.0000", "0.0000", "1", "0", "0", "1", "1.0000", "1", "0.0000", "1", "1", "", "0.0000", "1", "0", "1", "0", "1", "0.0000", "1", "0", "0", "1", "Default Name", "0", "simple", "", ""
"admin", "base", "Cordless Tool", "simple", "150", "MK6953", "0", "209", "", "1.0000", "", "", "Makita IMPACT WRENCH 1/2" 6953", "", "", "", "", "default-url-key", "", "DEFAULT_MODEL", "No", "default-url-key.html", "", "Block after Info Column", "No layout updates", " ", "Use config", "Use config", "", "", "", "", "", "", "", "", "IMPACT WRENCH 1/2" MK6953", "", "DEFAULT_SHORT_DESCRIPTION", "", "", "", "Disabled", "default", "Not Visible Individually", "Yes", "No", "No", "", "", "", "", "", "", "100.0000", "0.0000", "1", "0", "0", "1", "1.0000", "1", "0.0000", "1", "1", "", "0.0000", "1", "0", "1", "0", "1", "0.0000", "1", "0", "0", "1", "Default Name", "0", "simple", "", ""
"admin", "base", "Cordless Tool", "simple", "150", "MK9005B", "0", "139", "", "1.0000", "", "", "Makita GRINDER 5" W/GUARD 9005B", "", "", "", "", "default-url-key", "", "DEFAULT_MODEL", "No", "default-url-key.html", "", "Block after Info Column", "No layout updates", " ", "Use config", "Use config", "", "", "", "", "", "", "", "", "GRINDER 5" W/GUARD MK9005B", "", "DEFAULT_SHORT_DESCRIPTION", "", "", "", "Disabled", "default", "Not Visible Individually", "Yes", "No", "No", "", "", "", "", "", "", "100.0000", "0.0000", "1", "0", "0", "1", "1.0000", "1", "0.0000", "1", "1", "", "0.0000", "1", "0", "1", "0", "1", "0.0000", "1", "0", "0", "1", "Default Name", "0", "simple", "", ""
"admin", "base", "Cordless Tool", "simple", "150", "MK9031", "0", "249", "", "1.0000", "", "", "Makita BELT SANDER 1-1/8X21" 9031", "", "", "", "", "default-url-key", "", "DEFAULT_MODEL", "No", "default-url-key.html", "", "Block after Info Column", "No layout updates", " ", "Use config", "Use config", "", "", "", "", "", "", "", "", "BELT SANDER 1-1/8X21" MK9031", "", "DEFAULT_SHORT_DESCRIPTION", "", "", "", "Disabled", "default", "Not Visible Individually", "Yes", "No", "No", "", "", "", "", "", "", "100.0000", "0.0000", "1", "0", "0", "1", "1.0000", "1", "0.0000", "1", "1", "", "0.0000", "1", "0", "1", "0", "1", "0.0000", "1", "0", "0", "1", "Default Name", "0", "simple", "", ""
"admin", "base", "Cordless Tool", "simple", "150", "MK9032", "0", "249", "", "1.0000", "", "", "Makita BELT SANDER 3/8X21" 9032", "", "", "", "", "default-url-key", "", "DEFAULT_MODEL", "No", "default-url-key.html", "", "Block after Info Column", "No layout updates", " ", "Use config", "Use config", "", "", "", "", "", "", "", "", "BELT SANDER 3/8X21" MK9032", "", "DEFAULT_SHORT_DESCRIPTION", "", "", "", "Disabled", "default", "Not Visible Individually", "Yes", "No", "No", "", "", "", "", "", "", "100.0000", "0.0000", "1", "0", "0", "1", "1.0000", "1", "0.0000", "1", "1", "", "0.0000", "1", "0", "1", "0", "1", "0.0000", "1", "0", "0", "1", "Default Name", "0", "simple", "", ""
"admin", "base", "Cordless Tool", "simple", "150", "MK9227C", "0", "199", "", "1.0000", "", "", "Makita SANDER/POLISHER EVS 9227C", "", "", "", "", "default-url-key", "", "DEFAULT_MODEL", "No", "default-url-key.html", "", "Block after Info Column", "No layout updates", " ", "Use config", "Use config", "", "", "", "", "", "", "", "", "SANDER/POLISHER EVS MK9227C", "", "DEFAULT_SHORT_DESCRIPTION", "", "", "", "Disabled", "default", "Not Visible Individually", "Yes", "No", "No", "", "", "", "", "", "", "100.0000", "0.0000", "1", "0", "0", "1", "1.0000", "1", "0.0000", "1", "1", "", "0.0000", "1", "0", "1", "0", "1", "0.0000", "1", "0", "0", "1", "Default Name", "0", "simple", "", ""
"admin", "base", "Cordless Tool", "simple", "150", "MK9404", "0", "249", "", "1.0000", "", "", "Makita BELT SANDER 4 X 24" 9404", "", "", "", "", "default-url-key", "", "DEFAULT_MODEL", "No", "default-url-key.html", "", "Block after Info Column", "No layout updates", " ", "Use config", "Use config", "", "", "", "", "", "", "", "", "BELT SANDER 4 X 24" MK9404", "", "DEFAULT_SHORT_DESCRIPTION", "", "", "", "Disabled", "default", "Not Visible Individually", "Yes", "No", "No", "", "", "", "", "", "", "100.0000", "0.0000", "1", "0", "0", "1", "1.0000", "1", "0.0000", "1", "1", "", "0.0000", "1", "0", "1", "0", "1", "0.0000", "1", "0", "0", "1", "Default Name", "0", "simple", "", ""
"admin", "base", "Cordless Tool", "simple", "150", "MK9557NB", "0", "69", "", "1.0000", "", "", "Makita GRINDER 4-1/2" W/GUARD 9557NB", "", "", "", "", "default-url-key", "", "DEFAULT_MODEL", "No", "default-url-key.html", "", "Block after Info Column", "No layout updates", " ", "Use config", "Use config", "", "", "", "", "", "", "", "", "GRINDER 4-1/2" W/GUARD MK9557NB", "", "DEFAULT_SHORT_DESCRIPTION", "", "", "", "Disabled", "default", "Not Visible Individually", "Yes", "No", "No", "", "", "", "", "", "", "100.0000", "0.0000", "1", "0", "0", "1", "1.0000", "1", "0.0000", "1", "1", "", "0.0000", "1", "0", "1", "0", "1", "0.0000", "1", "0", "0", "1", "Default Name", "0", "simple", "", ""
"admin", "base", "Cordless Tool", "simple", "150", "MK9557PB", "0", "89.39", "", "1.0000", "", "", "Makita GRINDER - 4-1/2 W/GRD PDL 9557PB", "", "", "", "", "default-url-key", "", "DEFAULT_MODEL", "No", "default-url-key.html", "", "Block after Info Column", "No layout updates", " ", "Use config", "Use config", "", "", "", "", "", "", "", "", "GRINDER - 4-1/2 W/GRD PDL MK9557PB", "", "DEFAULT_SHORT_DESCRIPTION", "", "", "", "Disabled", "default", "Not Visible Individually", "Yes", "No", "No", "", "", "", "", "", "", "100.0000", "0.0000", "1", "0", "0", "1", "1.0000", "1", "0.0000", "1", "1", "", "0.0000", "1", "0", "1", "0", "1", "0.0000", "1", "0", "0", "1", "Default Name", "0", "simple", "", ""
"admin", "base", "Cordless Tool", "simple", "150", "MK9564CV", "0", "159", "", "1.0000", "", "", "Makita GRINDER 4-1/2" W/GUARD 9564CV", "", "", "", "", "default-url-key", "", "DEFAULT_MODEL", "No", "default-url-key.html", "", "Block after Info Column", "No layout updates", " ", "Use config", "Use config", "", "", "", "", "", "", "", "", "GRINDER 4-1/2" W/GUARD MK9564CV", "", "DEFAULT_SHORT_DESCRIPTION", "", "", "", "Disabled", "default", "Not Visible Individually", "Yes", "No", "No", "", "", "", "", "", "", "100.0000", "0.0000", "1", "0", "0", "1", "1.0000", "1", "0.0000", "1", "1", "", "0.0000", "1", "0", "1", "0", "1", "0.0000", "1", "0", "0", "1", "Default Name", "0", "simple", "", ""
"admin", "base", "Cordless Tool", "simple", "150", "MK9564PC", "0", "159", "", "1.0000", "", "", "Makita GRINDER - 4-1/2" SJS 9564PC", "", "", "", "", "default-url-key", "", "DEFAULT_MODEL", "No", "default-url-key.html", "", "Block after Info Column", "No layout updates", " ", "Use config", "Use config", "", "", "", "", "", "", "", "", "GRINDER - 4-1/2" SJS MK9564PC", "", "DEFAULT_SHORT_DESCRIPTION", "", "", "", "Disabled", "default", "Not Visible Individually", "Yes", "No", "No", "", "", "", "", "", "", "100.0000", "0.0000", "1", "0", "0", "1", "1.0000", "1", "0.0000", "1", "1", "", "0.0000", "1", "0", "1", "0", "1", "0.0000", "1", "0", "0", "1", "Default Name", "0", "simple", "", ""
"admin", "base", "Cordless Tool", "simple", "150", "MK9920", "0", "239", "", "1.0000", "", "", "Makita BELT SANDER 3 X 24" VS 9920", "", "", "", "", "default-url-key", "", "DEFAULT_MODEL", "No", "default-url-key.html", "", "Block after Info Column", "No layout updates", " ", "Use config", "Use config", "", "", "", "", "", "", "", "", "BELT SANDER 3 X 24" VS MK9920", "", "DEFAULT_SHORT_DESCRIPTION", "", "", "", "Disabled", "default", "Not Visible Individually", "Yes", "No", "No", "", "", "", "", "", "", "100.0000", "0.0000", "1", "0", "0", "1", "1.0000", "1", "0.0000", "1", "1", "", "0.0000", "1", "0", "1", "0", "1", "0.0000", "1", "0", "0", "1", "Default Name", "0", "simple", "", ""
"admin", "base", "Cordless Tool", "simple", "150", "MK9924DB", "0", "229", "", "1.0000", "", "", "Makita BELT SANDER 3 X 24" 9924DB", "", "", "", "", "default-url-key", "", "DEFAULT_MODEL", "No", "default-url-key.html", "", "Block after Info Column", "No layout updates", " ", "Use config", "Use config", "", "", "", "", "", "", "", "", "BELT SANDER 3 X 24" MK9924DB", "", "DEFAULT_SHORT_DESCRIPTION", "", "", "", "Disabled", "default", "Not Visible Individually", "Yes", "No", "No", "", "", "", "", "", "", "100.0000", "0.0000", "1", "0", "0", "1", "1.0000", "1", "0.0000", "1", "1", "", "0.0000", "1", "0", "1", "0", "1", "0.0000", "1", "0", "0", "1", "Default Name", "0", "simple", "", ""
"admin", "base", "Cordless Tool", "simple", "150", "MKBCL180W", "0", "169", "", "1.0000", "", "", "Makita CORDLESS DRY VACUUM 18V BCL180W", "", "", "", "", "default-url-key", "", "DEFAULT_MODEL", "No", "default-url-key.html", "", "Block after Info Column", "No layout updates", " ", "Use config", "Use config", "", "", "", "", "", "", "", "", "CORDLESS DRY VACUUM 18V MKBCL180W", "", "DEFAULT_SHORT_DESCRIPTION", "", "", "", "Disabled", "default", "Not Visible Individually", "Yes", "No", "No", "", "", "", "", "", "", "100.0000", "0.0000", "1", "0", "0", "1", "1.0000", "1", "0.0000", "1", "1", "", "0.0000", "1", "0", "1", "0", "1", "0.0000", "1", "0", "0", "1", "Default Name", "0", "simple", "", ""
"admin", "base", "Cordless Tool", "simple", "150", "MKBCL180ZW", "0", "79", "", "1.0000", "", "", "Makita CORDLESS DRY VACUUM 18V BCL180ZW", "", "", "", "", "default-url-key", "", "DEFAULT_MODEL", "No", "default-url-key.html", "", "Block after Info Column", "No layout updates", " ", "Use config", "Use config", "", "", "", "", "", "", "", "", "CORDLESS DRY VACUUM 18V MKBCL180ZW", "", "DEFAULT_SHORT_DESCRIPTION", "", "", "", "Disabled", "default", "Not Visible Individually", "Yes", "No", "No", "", "", "", "", "", "", "100.0000", "0.0000", "1", "0", "0", "1", "1.0000", "1", "0.0000", "1", "1", "", "0.0000", "1", "0", "1", "0", "1", "0.0000", "1", "0", "0", "1", "Default Name", "0", "simple", "", ""
"admin", "base", "Cordless Tool", "simple", "150", "MKBCS550", "0", "389", "", "1.0000", "", "", "Makita CORDLESS CIRCULAR SAW 18V BCS550", "", "", "", "", "default-url-key", "", "DEFAULT_MODEL", "No", "default-url-key.html", "", "Block after Info Column", "No layout updates", " ", "Use config", "Use config", "", "", "", "", "", "", "", "", "CORDLESS CIRCULAR SAW 18V MKBCS550", "", "DEFAULT_SHORT_DESCRIPTION", "", "", "", "Disabled", "default", "Not Visible Individually", "Yes", "No", "No", "", "", "", "", "", "", "100.0000", "0.0000", "1", "0", "0", "1", "1.0000", "1", "0.0000", "1", "1", "", "0.0000", "1", "0", "1", "0", "1", "0.0000", "1", "0", "0", "1", "Default Name", "0", "simple", "", ""
"admin", "base", "Cordless Tool", "simple", "150", "MKBCS550Z", "0", "169", "", "1.0000", "", "", "Makita CORDLESS CIRCULAR SAW 18V BCS550", "", "", "", "", "default-url-key", "", "DEFAULT_MODEL", "No", "default-url-key.html", "", "Block after Info Column", "No layout updates", " ", "Use config", "Use config", "", "", "", "", "", "", "", "", "CORDLESS CIRCULAR SAW 18V MKBCS550Z", "", "DEFAULT_SHORT_DESCRIPTION", "", "", "", "Disabled", "default", "Not Visible Individually", "Yes", "No", "No", "", "", "", "", "", "", "100.0000", "0.0000", "1", "0", "0", "1", "1.0000", "1", "0.0000", "1", "1", "", "0.0000", "1", "0", "1", "0", "1", "0.0000", "1", "0", "0", "1", "Default Name", "0", "simple", "", ""
"admin", "base", "Cordless Tool", "simple", "150", "MKBCS550Z", "0", "169", "", "1.0000", "", "", "Makita CORDLESS CIRCULAR SAW 18V BCS550Z", "", "", "", "", "default-url-key", "", "DEFAULT_MODEL", "No", "default-url-key.html", "", "Block after Info Column", "No layout updates", " ", "Use config", "Use config", "", "", "", "", "", "", "", "", "CORDLESS CIRCULAR SAW 18V MKBCS550Z", "", "DEFAULT_SHORT_DESCRIPTION", "", "", "", "Disabled", "default", "Not Visible Individually", "Yes", "No", "No", "", "", "", "", "", "", "100.0000", "0.0000", "1", "0", "0", "1", "1.0000", "1", "0.0000", "1", "1", "", "0.0000", "1", "0", "1", "0", "1", "0.0000", "1", "0", "0", "1", "Default Name", "0", "simple", "", ""
"admin", "base", "Cordless Tool", "simple", "150", "MKBDA350", "0", "389", "", "1.0000", "", "", "Makita CORDLESS ANGLE DRILL 3/8 BDA350", "", "", "", "", "default-url-key", "", "DEFAULT_MODEL", "No", "default-url-key.html", "", "Block after Info Column", "No layout updates", " ", "Use config", "Use config", "", "", "", "", "", "", "", "", "CORDLESS ANGLE DRILL 3/8 MKBDA350", "", "DEFAULT_SHORT_DESCRIPTION", "", "", "", "Disabled", "default", "Not Visible Individually", "Yes", "No", "No", "", "", "", "", "", "", "100.0000", "0.0000", "1", "0", "0", "1", "1.0000", "1", "0.0000", "1", "1", "", "0.0000", "1", "0", "1", "0", "1", "0.0000", "1", "0", "0", "1", "Default Name", "0", "simple", "", ""
"admin", "base", "Cordless Tool", "simple", "150", "MKBDA350Z", "0", "169", "", "1.0000", "", "", "Makita CORDLESS ANGLE DRILL 3/8" BDA350", "", "", "", "", "default-url-key", "", "DEFAULT_MODEL", "No", "default-url-key.html", "", "Block after Info Column", "No layout updates", " ", "Use config", "Use config", "", "", "", "", "", "", "", "", "CORDLESS ANGLE DRILL 3/8" MKBDA350Z", "", "DEFAULT_SHORT_DESCRIPTION", "", "", "", "Disabled", "default", "Not Visible Individually", "Yes", "No", "No", "", "", "", "", "", "", "100.0000", "0.0000", "1", "0", "0", "1", "1.0000", "1", "0.0000", "1", "1", "", "0.0000", "1", "0", "1", "0", "1", "0.0000", "1", "0", "0", "1", "Default Name", "0", "simple", "", ""
"admin", "base", "Cordless Tool", "simple", "150", "MKBDA350Z", "0", "169", "", "1.0000", "", "", "Makita CORDLESS ANGLE DRILL 3/8" BDA350Z", "", "", "", "", "default-url-key", "", "DEFAULT_MODEL", "No", "default-url-key.html", "", "Block after Info Column", "No layout updates", " ", "Use config", "Use config", "", "", "", "", "", "", "", "", "CORDLESS ANGLE DRILL 3/8" MKBDA350Z", "", "DEFAULT_SHORT_DESCRIPTION", "", "", "", "Disabled", "default", "Not Visible Individually", "Yes", "No", "No", "", "", "", "", "", "", "100.0000", "0.0000", "1", "0", "0", "1", "1.0000", "1", "0.0000", "1", "1", "", "0.0000", "1", "0", "1", "0", "1", "0.0000", "1", "0", "0", "1", "Default Name", "0", "simple", "", ""
"admin", "base", "Cordless Tool", "simple", "150", "MKBDF451", "0", "279", "", "1.0000", "", "", "Makita CORDLESS DRILL 18V BDF451", "", "", "", "", "default-url-key", "", "DEFAULT_MODEL", "No", "default-url-key.html", "", "Block after Info Column", "No layout updates", " ", "Use config", "Use config", "", "", "", "", "", "", "", "", "CORDLESS DRILL 18V MKBDF451", "", "DEFAULT_SHORT_DESCRIPTION", "", "", "", "Disabled", "default", "Not Visible Individually", "Yes", "No", "No", "", "", "", "", "", "", "100.0000", "0.0000", "1", "0", "0", "1", "1.0000", "1", "0.0000", "1", "1", "", "0.0000", "1", "0", "1", "0", "1", "0.0000", "1", "0", "0", "1", "Default Name", "0", "simple", "", ""
"admin", "base", "Cordless Tool", "simple", "150", "MKBDF451Z", "0", "99", "", "1.0000", "", "", "Makita CORDLESS DRILL 18V BDF451", "", "", "", "", "default-url-key", "", "DEFAULT_MODEL", "No", "default-url-key.html", "", "Block after Info Column", "No layout updates", " ", "Use config", "Use config", "", "", "", "", "", "", "", "", "CORDLESS DRILL 18V MKBDF451Z", "", "DEFAULT_SHORT_DESCRIPTION", "", "", "", "Disabled", "default", "Not Visible Individually", "Yes", "No", "No", "", "", "", "", "", "", "100.0000", "0.0000", "1", "0", "0", "1", "1.0000", "1", "0.0000", "1", "1", "", "0.0000", "1", "0", "1", "0", "1", "0.0000", "1", "0", "0", "1", "Default Name", "0", "simple", "", ""
"admin", "base", "Cordless Tool", "simple", "150", "MKBDF451Z", "0", "99", "", "1.0000", "", "", "Makita CORDLESS DRILL 18V BDF451Z", "", "", "", "", "default-url-key", "", "DEFAULT_MODEL", "No", "default-url-key.html", "", "Block after Info Column", "No layout updates", " ", "Use config", "Use config", "", "", "", "", "", "", "", "", "CORDLESS DRILL 18V MKBDF451Z", "", "DEFAULT_SHORT_DESCRIPTION", "", "", "", "Disabled", "default", "Not Visible Individually", "Yes", "No", "No", "", "", "", "", "", "", "100.0000", "0.0000", "1", "0", "0", "1", "1.0000", "1", "0.0000", "1", "1", "", "0.0000", "1", "0", "1", "0", "1", "0.0000", "1", "0", "0", "1", "Default Name", "0", "simple", "", ""
"admin", "base", "Cordless Tool", "simple", "150", "MKBDF452", "0", "286", "", "1.0000", "", "", "Makita CORDLESS 1/2" DRILL/DRIV BDF452", "", "", "", "", "default-url-key", "", "DEFAULT_MODEL", "No", "default-url-key.html", "", "Block after Info Column", "No layout updates", " ", "Use config", "Use config", "", "", "", "", "", "", "", "", "CORDLESS 1/2" DRILL/DRIV MKBDF452", "", "DEFAULT_SHORT_DESCRIPTION", "", "", "", "Disabled", "default", "Not Visible Individually", "Yes", "No", "No", "", "", "", "", "", "", "100.0000", "0.0000", "1", "0", "0", "1", "1.0000", "1", "0.0000", "1", "1", "", "0.0000", "1", "0", "1", "0", "1", "0.0000", "1", "0", "0", "1", "Default Name", "0", "simple", "", ""
"admin", "base", "Cordless Tool", "simple", "150", "MKBGA452", "0", "299", "", "1.0000", "", "", "Makita CORDLESS GRINDER 4-1/2 BGA452", "", "", "", "", "default-url-key", "", "DEFAULT_MODEL", "No", "default-url-key.html", "", "Block after Info Column", "No layout updates", " ", "Use config", "Use config", "", "", "", "", "", "", "", "", "CORDLESS GRINDER 4-1/2 MKBGA452", "", "DEFAULT_SHORT_DESCRIPTION", "", "", "", "Disabled", "default", "Not Visible Individually", "Yes", "No", "No", "", "", "", "", "", "", "100.0000", "0.0000", "1", "0", "0", "1", "1.0000", "1", "0.0000", "1", "1", "", "0.0000", "1", "0", "1", "0", "1", "0.0000", "1", "0", "0", "1", "Default Name", "0", "simple", "", ""
"admin", "base", "Cordless Tool", "simple", "150", "MKBGA452Z", "0", "99", "", "1.0000", "", "", "Makita CORDLESS GRINDER 4-1/2" BGA452", "", "", "", "", "default-url-key", "", "DEFAULT_MODEL", "No", "default-url-key.html", "", "Block after Info Column", "No layout updates", " ", "Use config", "Use config", "", "", "", "", "", "", "", "", "CORDLESS GRINDER 4-1/2" MKBGA452Z", "", "DEFAULT_SHORT_DESCRIPTION", "", "", "", "Disabled", "default", "Not Visible Individually", "Yes", "No", "No", "", "", "", "", "", "", "100.0000", "0.0000", "1", "0", "0", "1", "1.0000", "1", "0.0000", "1", "1", "", "0.0000", "1", "0", "1", "0", "1", "0.0000", "1", "0", "0", "1", "Default Name", "0", "simple", "", ""
"admin", "base", "Cordless Tool", "simple", "150", "MKBGA452Z", "0", "99", "", "1.0000", "", "", "Makita CORDLESS GRINDER 4-1/2" BGA452Z", "", "", "", "", "default-url-key", "", "DEFAULT_MODEL", "No", "default-url-key.html", "", "Block after Info Column", "No layout updates", " ", "Use config", "Use config", "", "", "", "", "", "", "", "", "CORDLESS GRINDER 4-1/2" MKBGA452Z", "", "DEFAULT_SHORT_DESCRIPTION", "", "", "", "Disabled", "default", "Not Visible Individually", "Yes", "No", "No", "", "", "", "", "", "", "100.0000", "0.0000", "1", "0", "0", "1", "1.0000", "1", "0.0000", "1", "1", "", "0.0000", "1", "0", "1", "0", "1", "0.0000", "1", "0", "0", "1", "Default Name", "0", "simple", "", ""
"admin", "base", "Cordless Tool", "simple", "150", "MKBHP452", "0", "279", "", "1.0000", "", "", "Makita CORDLESS HAMMER DRILL 18V BHP452", "", "", "", "", "default-url-key", "", "DEFAULT_MODEL", "No", "default-url-key.html", "", "Block after Info Column", "No layout updates", " ", "Use config", "Use config", "", "", "", "", "", "", "", "", "CORDLESS HAMMER DRILL 18V MKBHP452", "", "DEFAULT_SHORT_DESCRIPTION", "", "", "", "Disabled", "default", "Not Visible Individually", "Yes", "No", "No", "", "", "", "", "", "", "100.0000", "0.0000", "1", "0", "0", "1", "1.0000", "1", "0.0000", "1", "1", "", "0.0000", "1", "0", "1", "0", "1", "0.0000", "1", "0", "0", "1", "Default Name", "0", "simple", "", ""
"admin", "base", "Cordless Tool", "simple", "150", "MKBHP452Z", "0", "99", "", "1.0000", "", "", "Makita 18V LXT 1/2" HAMMER DRILL BHP452", "", "", "", "", "default-url-key", "", "DEFAULT_MODEL", "No", "default-url-key.html", "", "Block after Info Column", "No layout updates", " ", "Use config", "Use config", "", "", "", "", "", "", "", "", "18V LXT 1/2" HAMMER DRILL MKBHP452Z", "", "DEFAULT_SHORT_DESCRIPTION", "", "", "", "Disabled", "default", "Not Visible Individually", "Yes", "No", "No", "", "", "", "", "", "", "100.0000", "0.0000", "1", "0", "0", "1", "1.0000", "1", "0.0000", "1", "1", "", "0.0000", "1", "0", "1", "0", "1", "0.0000", "1", "0", "0", "1", "Default Name", "0", "simple", "", ""
"admin", "base", "Cordless Tool", "simple", "150", "MKBHP452Z", "0", "99", "", "1.0000", "", "", "Makita 18V LXT 1/2" HAMMER DRILL BHP452Z", "", "", "", "", "default-url-key", "", "DEFAULT_MODEL", "No", "default-url-key.html", "", "Block after Info Column", "No layout updates", " ", "Use config", "Use config", "", "", "", "", "", "", "", "", "18V LXT 1/2" HAMMER DRILL MKBHP452Z", "", "DEFAULT_SHORT_DESCRIPTION", "", "", "", "Disabled", "default", "Not Visible Individually", "Yes", "No", "No", "", "", "", "", "", "", "100.0000", "0.0000", "1", "0", "0", "1", "1.0000", "1", "0.0000", "1", "1", "", "0.0000", "1", "0", "1", "0", "1", "0.0000", "1", "0", "0", "1", "Default Name", "0", "simple", "", ""
"admin", "base", "Cordless Tool", "simple", "150", "MKBHP454", "0", "279", "", "1.0000", "", "", "Makita CORDLESS HAMMER DRILL 18V BHP454", "", "", "", "", "default-url-key", "", "DEFAULT_MODEL", "No", "default-url-key.html", "", "Block after Info Column", "No layout updates", " ", "Use config", "Use config", "", "", "", "", "", "", "", "", "CORDLESS HAMMER DRILL 18V MKBHP454", "", "DEFAULT_SHORT_DESCRIPTION", "", "", "", "Disabled", "default", "Not Visible Individually", "Yes", "No", "No", "", "", "", "", "", "", "100.0000", "0.0000", "1", "0", "0", "1", "1.0000", "1", "0.0000", "1", "1", "", "0.0000", "1", "0", "1", "0", "1", "0.0000", "1", "0", "0", "1", "Default Name", "0", "simple", "", ""
"admin", "base", "Cordless Tool", "simple", "150", "MKBHP454Z", "0", "99", "", "1.0000", "", "", "Makita CORDLESS HAMMER DRILL 18V BHP454", "", "", "", "", "default-url-key", "", "DEFAULT_MODEL", "No", "default-url-key.html", "", "Block after Info Column", "No layout updates", " ", "Use config", "Use config", "", "", "", "", "", "", "", "", "CORDLESS HAMMER DRILL 18V MKBHP454Z", "", "DEFAULT_SHORT_DESCRIPTION", "", "", "", "Disabled", "default", "Not Visible Individually", "Yes", "No", "No", "", "", "", "", "", "", "100.0000", "0.0000", "1", "0", "0", "1", "1.0000", "1", "0.0000", "1", "1", "", "0.0000", "1", "0", "1", "0", "1", "0.0000", "1", "0", "0", "1", "Default Name", "0", "simple", "", ""
"admin", "base", "Cordless Tool", "simple", "150", "MKBHP454Z", "0", "99", "", "1.0000", "", "", "Makita CORDLESS HAMMER DRILL 18V BHP454Z", "", "", "", "", "default-url-key", "", "DEFAULT_MODEL", "No", "default-url-key.html", "", "Block after Info Column", "No layout updates", " ", "Use config", "Use config", "", "", "", "", "", "", "", "", "CORDLESS HAMMER DRILL 18V MKBHP454Z", "", "DEFAULT_SHORT_DESCRIPTION", "", "", "", "Disabled", "default", "Not Visible Individually", "Yes", "No", "No", "", "", "", "", "", "", "100.0000", "0.0000", "1", "0", "0", "1", "1.0000", "1", "0.0000", "1", "1", "", "0.0000", "1", "0", "1", "0", "1", "0.0000", "1", "0", "0", "1", "Default Name", "0", "simple", "", ""
"admin", "base", "Cordless Tool", "simple", "150", "MKBHR241", "0", "439", "", "1.0000", "", "", "Makita CORDLESS ROTARY HAMMER BHR241", "", "", "", "", "default-url-key", "", "DEFAULT_MODEL", "No", "default-url-key.html", "", "Block after Info Column", "No layout updates", " ", "Use config", "Use config", "", "", "", "", "", "", "", "", "CORDLESS ROTARY HAMMER MKBHR241", "", "DEFAULT_SHORT_DESCRIPTION", "", "", "", "Disabled", "default", "Not Visible Individually", "Yes", "No", "No", "", "", "", "", "", "", "100.0000", "0.0000", "1", "0", "0", "1", "1.0000", "1", "0.0000", "1", "1", "", "0.0000", "1", "0", "1", "0", "1", "0.0000", "1", "0", "0", "1", "Default Name", "0", "simple", "", ""
"admin", "base", "Cordless Tool", "simple", "150", "MKBHR241Z", "0", "239", "", "1.0000", "", "", "Makita CORDLESS ROTARY HAMMER BHR241", "", "", "", "", "default-url-key", "", "DEFAULT_MODEL", "No", "default-url-key.html", "", "Block after Info Column", "No layout updates", " ", "Use config", "Use config", "", "", "", "", "", "", "", "", "CORDLESS ROTARY HAMMER MKBHR241Z", "", "DEFAULT_SHORT_DESCRIPTION", "", "", "", "Disabled", "default", "Not Visible Individually", "Yes", "No", "No", "", "", "", "", "", "", "100.0000", "0.0000", "1", "0", "0", "1", "1.0000", "1", "0.0000", "1", "1", "", "0.0000", "1", "0", "1", "0", "1", "0.0000", "1", "0", "0", "1", "Default Name", "0", "simple", "", ""
"admin", "base", "Cordless Tool", "simple", "150", "MKBHR241Z", "0", "239", "", "1.0000", "", "", "Makita CORDLESS ROTARY HAMMER BHR241Z", "", "", "", "", "default-url-key", "", "DEFAULT_MODEL", "No", "default-url-key.html", "", "Block after Info Column", "No layout updates", " ", "Use config", "Use config", "", "", "", "", "", "", "", "", "CORDLESS ROTARY HAMMER MKBHR241Z", "", "DEFAULT_SHORT_DESCRIPTION", "", "", "", "Disabled", "default", "Not Visible Individually", "Yes", "No", "No", "", "", "", "", "", "", "100.0000", "0.0000", "1", "0", "0", "1", "1.0000", "1", "0.0000", "1", "1", "", "0.0000", "1", "0", "1", "0", "1", "0.0000", "1", "0", "0", "1", "Default Name", "0", "simple", "", ""
"admin", "base", "Cordless Tool", "simple", "150", "MKBJR181", "0", "349", "", "1.0000", "", "", "Makita CORDLESS RECIPRO SAW 18V BJR181", "", "", "", "", "default-url-key", "", "DEFAULT_MODEL", "No", "default-url-key.html", "", "Block after Info Column", "No layout updates", " ", "Use config", "Use config", "", "", "", "", "", "", "", "", "CORDLESS RECIPRO SAW 18V MKBJR181", "", "DEFAULT_SHORT_DESCRIPTION", "", "", "", "Disabled", "default", "Not Visible Individually", "Yes", "No", "No", "", "", "", "", "", "", "100.0000", "0.0000", "1", "0", "0", "1", "1.0000", "1", "0.0000", "1", "1", "", "0.0000", "1", "0", "1", "0", "1", "0.0000", "1", "0", "0", "1", "Default Name", "0", "simple", "", ""
"admin", "base", "Cordless Tool", "simple", "150", "MKBJR181Z", "0", "169", "", "1.0000", "", "", "Makita CORDLESS RECIPRO SAW LXT BJR181", "", "", "", "", "default-url-key", "", "DEFAULT_MODEL", "No", "default-url-key.html", "", "Block after Info Column", "No layout updates", " ", "Use config", "Use config", "", "", "", "", "", "", "", "", "CORDLESS RECIPRO SAW LXT MKBJR181Z", "", "DEFAULT_SHORT_DESCRIPTION", "", "", "", "Disabled", "default", "Not Visible Individually", "Yes", "No", "No", "", "", "", "", "", "", "100.0000", "0.0000", "1", "0", "0", "1", "1.0000", "1", "0.0000", "1", "1", "", "0.0000", "1", "0", "1", "0", "1", "0.0000", "1", "0", "0", "1", "Default Name", "0", "simple", "", ""
"admin", "base", "Cordless Tool", "simple", "150", "MKBJR181Z", "0", "169", "", "1.0000", "", "", "Makita CORDLESS RECIPRO SAW LXT BJR181Z", "", "", "", "", "default-url-key", "", "DEFAULT_MODEL", "No", "default-url-key.html", "", "Block after Info Column", "No layout updates", " ", "Use config", "Use config", "", "", "", "", "", "", "", "", "CORDLESS RECIPRO SAW LXT MKBJR181Z", "", "DEFAULT_SHORT_DESCRIPTION", "", "", "", "Disabled", "default", "Not Visible Individually", "Yes", "No", "No", "", "", "", "", "", "", "100.0000", "0.0000", "1", "0", "0", "1", "1.0000", "1", "0.0000", "1", "1", "", "0.0000", "1", "0", "1", "0", "1", "0.0000", "1", "0", "0", "1", "Default Name", "0", "simple", "", ""
"admin", "base", "Cordless Tool", "simple", "150", "MKBJR182Z", "0", "99", "", "1.0000", "", "", "Makita 18V LXT RECIP SAW BJR182Z", "", "", "", "", "default-url-key", "", "DEFAULT_MODEL", "No", "default-url-key.html", "", "Block after Info Column", "No layout updates", " ", "Use config", "Use config", "", "", "", "", "", "", "", "", "18V LXT RECIP SAW MKBJR182Z", "", "DEFAULT_SHORT_DESCRIPTION", "", "", "", "Disabled", "default", "Not Visible Individually", "Yes", "No", "No", "", "", "", "", "", "", "100.0000", "0.0000", "1", "0", "0", "1", "1.0000", "1", "0.0000", "1", "1", "", "0.0000", "1", "0", "1", "0", "1", "0.0000", "1", "0", "0", "1", "Default Name", "0", "simple", "", ""
"admin", "base", "Cordless Tool", "simple", "150", "MKBJV180Z", "0", "239", "", "1.0000", "", "", "Makita CORDLESS JIGSAW 18V BJV180Z", "", "", "", "", "default-url-key", "", "DEFAULT_MODEL", "No", "default-url-key.html", "", "Block after Info Column", "No layout updates", " ", "Use config", "Use config", "", "", "", "", "", "", "", "", "CORDLESS JIGSAW 18V MKBJV180Z", "", "DEFAULT_SHORT_DESCRIPTION", "", "", "", "Disabled", "default", "Not Visible Individually", "Yes", "No", "No", "", "", "", "", "", "", "100.0000", "0.0000", "1", "0", "0", "1", "1.0000", "1", "0.0000", "1", "1", "", "0.0000", "1", "0", "1", "0", "1", "0.0000", "1", "0", "0", "1", "Default Name", "0", "simple", "", ""
"admin", "base", "Cordless Tool", "simple", "150", "MKBMR100W", "0", "99", "", "1.0000", "", "", "Makita JOBSITE RADIO BMR100W", "", "", "", "", "default-url-key", "", "DEFAULT_MODEL", "No", "default-url-key.html", "", "Block after Info Column", "No layout updates", " ", "Use config", "Use config", "", "", "", "", "", "", "", "", "JOBSITE RADIO MKBMR100W", "", "DEFAULT_SHORT_DESCRIPTION", "", "", "", "Disabled", "default", "Not Visible Individually", "Yes", "No", "No", "", "", "", "", "", "", "100.0000", "0.0000", "1", "0", "0", "1", "1.0000", "1", "0.0000", "1", "1", "", "0.0000", "1", "0", "1", "0", "1", "0.0000", "1", "0", "0", "1", "Default Name", "0", "simple", "", ""
"admin", "base", "Cordless Tool", "simple", "150", "MKBO4556", "0", "49.39", "", "1.0000", "", "", "Makita FINISH SANDER - DUSTLESS BO4556", "", "", "", "", "default-url-key", "", "DEFAULT_MODEL", "No", "default-url-key.html", "", "Block after Info Column", "No layout updates", " ", "Use config", "Use config", "", "", "", "", "", "", "", "", "FINISH SANDER - DUSTLESS MKBO4556", "", "DEFAULT_SHORT_DESCRIPTION", "", "", "", "Disabled", "default", "Not Visible Individually", "Yes", "No", "No", "", "", "", "", "", "", "100.0000", "0.0000", "1", "0", "0", "1", "1.0000", "1", "0.0000", "1", "1", "", "0.0000", "1", "0", "1", "0", "1", "0.0000", "1", "0", "0", "1", "Default Name", "0", "simple", "", ""
"admin", "base", "Cordless Tool", "simple", "150", "MKBO4900V", "0", "189", "", "1.0000", "", "", "Makita FINISH SANDER 1/2 SHEET BO4900V", "", "", "", "", "default-url-key", "", "DEFAULT_MODEL", "No", "default-url-key.html", "", "Block after Info Column", "No layout updates", " ", "Use config", "Use config", "", "", "", "", "", "", "", "", "FINISH SANDER 1/2 SHEET MKBO4900V", "", "DEFAULT_SHORT_DESCRIPTION", "", "", "", "Disabled", "default", "Not Visible Individually", "Yes", "No", "No", "", "", "", "", "", "", "100.0000", "0.0000", "1", "0", "0", "1", "1.0000", "1", "0.0000", "1", "1", "", "0.0000", "1", "0", "1", "0", "1", "0.0000", "1", "0", "0", "1", "Default Name", "0", "simple", "", ""
"admin", "base", "Cordless Tool", "simple", "150", "MKBO5030K", "0", "69", "", "1.0000", "", "", "Makita RANDOM ORBIT SANDER BO5030K", "", "", "", "", "default-url-key", "", "DEFAULT_MODEL", "No", "default-url-key.html", "", "Block after Info Column", "No layout updates", " ", "Use config", "Use config", "", "", "", "", "", "", "", "", "RANDOM ORBIT SANDER MKBO5030K", "", "DEFAULT_SHORT_DESCRIPTION", "", "", "", "Disabled", "default", "Not Visible Individually", "Yes", "No", "No", "", "", "", "", "", "", "100.0000", "0.0000", "1", "0", "0", "1", "1.0000", "1", "0.0000", "1", "1", "", "0.0000", "1", "0", "1", "0", "1", "0.0000", "1", "0", "0", "1", "Default Name", "0", "simple", "", ""
"admin", "base", "Cordless Tool", "simple", "150", "MKBO5041K", "0", "109", "", "1.0000", "", "", "Makita RANDOM ORBIT SANDER 5" BO5041K", "", "", "", "", "default-url-key", "", "DEFAULT_MODEL", "No", "default-url-key.html", "", "Block after Info Column", "No layout updates", " ", "Use config", "Use config", "", "", "", "", "", "", "", "", "RANDOM ORBIT SANDER 5" MKBO5041K", "", "DEFAULT_SHORT_DESCRIPTION", "", "", "", "Disabled", "default", "Not Visible Individually", "Yes", "No", "No", "", "", "", "", "", "", "100.0000", "0.0000", "1", "0", "0", "1", "1.0000", "1", "0.0000", "1", "1", "", "0.0000", "1", "0", "1", "0", "1", "0.0000", "1", "0", "0", "1", "Default Name", "0", "simple", "", ""
"admin", "base", "Cordless Tool", "simple", "150", "MKBPB180", "0", "499", "", "1.0000", "", "", "Makita CORDLESS BANDSAW 18V KIT BPB180", "", "", "", "", "default-url-key", "", "DEFAULT_MODEL", "No", "default-url-key.html", "", "Block after Info Column", "No layout updates", " ", "Use config", "Use config", "", "", "", "", "", "", "", "", "CORDLESS BANDSAW 18V KIT MKBPB180", "", "DEFAULT_SHORT_DESCRIPTION", "", "", "", "Disabled", "default", "Not Visible Individually", "Yes", "No", "No", "", "", "", "", "", "", "100.0000", "0.0000", "1", "0", "0", "1", "1.0000", "1", "0.0000", "1", "1", "", "0.0000", "1", "0", "1", "0", "1", "0.0000", "1", "0", "0", "1", "Default Name", "0", "simple", "", ""
"admin", "base", "Cordless Tool", "simple", "150", "MKBSS501", "0", "349", "", "1.0000", "", "", "Makita CORDLESS CIRCULAR SAW 18V BSS501", "", "", "", "", "default-url-key", "", "DEFAULT_MODEL", "No", "default-url-key.html", "", "Block after Info Column", "No layout updates", " ", "Use config", "Use config", "", "", "", "", "", "", "", "", "CORDLESS CIRCULAR SAW 18V MKBSS501", "", "DEFAULT_SHORT_DESCRIPTION", "", "", "", "Disabled", "default", "Not Visible Individually", "Yes", "No", "No", "", "", "", "", "", "", "100.0000", "0.0000", "1", "0", "0", "1", "1.0000", "1", "0.0000", "1", "1", "", "0.0000", "1", "0", "1", "0", "1", "0.0000", "1", "0", "0", "1", "Default Name", "0", "simple", "", ""
"admin", "base", "Cordless Tool", "simple", "150", "MKBSS501Z", "0", "179", "", "1.0000", "", "", "Makita 5-3/8" CIRCULAR SAW 18V BSS501", "", "", "", "", "default-url-key", "", "DEFAULT_MODEL", "No", "default-url-key.html", "", "Block after Info Column", "No layout updates", " ", "Use config", "Use config", "", "", "", "", "", "", "", "", "5-3/8" CIRCULAR SAW 18V MKBSS501Z", "", "DEFAULT_SHORT_DESCRIPTION", "", "", "", "Disabled", "default", "Not Visible Individually", "Yes", "No", "No", "", "", "", "", "", "", "100.0000", "0.0000", "1", "0", "0", "1", "1.0000", "1", "0.0000", "1", "1", "", "0.0000", "1", "0", "1", "0", "1", "0.0000", "1", "0", "0", "1", "Default Name", "0", "simple", "", ""
"admin", "base", "Cordless Tool", "simple", "150", "MKBSS501Z", "0", "179", "", "1.0000", "", "", "Makita 5-3/8" CIRCULAR SAW 18V BSS501Z", "", "", "", "", "default-url-key", "", "DEFAULT_MODEL", "No", "default-url-key.html", "", "Block after Info Column", "No layout updates", " ", "Use config", "Use config", "", "", "", "", "", "", "", "", "5-3/8" CIRCULAR SAW 18V MKBSS501Z", "", "DEFAULT_SHORT_DESCRIPTION", "", "", "", "Disabled", "default", "Not Visible Individually", "Yes", "No", "No", "", "", "", "", "", "", "100.0000", "0.0000", "1", "0", "0", "1", "1.0000", "1", "0.0000", "1", "1", "", "0.0000", "1", "0", "1", "0", "1", "0.0000", "1", "0", "0", "1", "Default Name", "0", "simple", "", ""
"admin", "base", "Cordless Tool", "simple", "150", "MKBSS610", "0", "349", "", "1.0000", "", "", "Makita CORDLESS CIRCULAR SAW 18V BSS610", "", "", "", "", "default-url-key", "", "DEFAULT_MODEL", "No", "default-url-key.html", "", "Block after Info Column", "No layout updates", " ", "Use config", "Use config", "", "", "", "", "", "", "", "", "CORDLESS CIRCULAR SAW 18V MKBSS610", "", "DEFAULT_SHORT_DESCRIPTION", "", "", "", "Disabled", "default", "Not Visible Individually", "Yes", "No", "No", "", "", "", "", "", "", "100.0000", "0.0000", "1", "0", "0", "1", "1.0000", "1", "0.0000", "1", "1", "", "0.0000", "1", "0", "1", "0", "1", "0.0000", "1", "0", "0", "1", "Default Name", "0", "simple", "", ""
"admin", "base", "Cordless Tool", "simple", "150", "MKBSS610Z", "0", "179", "", "1.0000", "", "", "Makita CORDLESS CIRCULAR SAW 18V BSS610", "", "", "", "", "default-url-key", "", "DEFAULT_MODEL", "No", "default-url-key.html", "", "Block after Info Column", "No layout updates", " ", "Use config", "Use config", "", "", "", "", "", "", "", "", "CORDLESS CIRCULAR SAW 18V MKBSS610Z", "", "DEFAULT_SHORT_DESCRIPTION", "", "", "", "Disabled", "default", "Not Visible Individually", "Yes", "No", "No", "", "", "", "", "", "", "100.0000", "0.0000", "1", "0", "0", "1", "1.0000", "1", "0.0000", "1", "1", "", "0.0000", "1", "0", "1", "0", "1", "0.0000", "1", "0", "0", "1", "Default Name", "0", "simple", "", ""
"admin", "base", "Cordless Tool", "simple", "150", "MKBSS610Z", "0", "179", "", "1.0000", "", "", "Makita CORDLESS CIRCULAR SAW 18V BSS610Z", "", "", "", "", "default-url-key", "", "DEFAULT_MODEL", "No", "default-url-key.html", "", "Block after Info Column", "No layout updates", " ", "Use config", "Use config", "", "", "", "", "", "", "", "", "CORDLESS CIRCULAR SAW 18V MKBSS610Z", "", "DEFAULT_SHORT_DESCRIPTION", "", "", "", "Disabled", "default", "Not Visible Individually", "Yes", "No", "No", "", "", "", "", "", "", "100.0000", "0.0000", "1", "0", "0", "1", "1.0000", "1", "0.0000", "1", "1", "", "0.0000", "1", "0", "1", "0", "1", "0.0000", "1", "0", "0", "1", "Default Name", "0", "simple", "", ""
"admin", "base", "Cordless Tool", "simple", "150", "MKBSS611Z", "0", "99", "", "1.0000", "", "", "Makita 6-1/2" 18V CIRCULAR SAW BSS611Z", "", "", "", "", "default-url-key", "", "DEFAULT_MODEL", "No", "default-url-key.html", "", "Block after Info Column", "No layout updates", " ", "Use config", "Use config", "", "", "", "", "", "", "", "", "6-1/2" 18V CIRCULAR SAW MKBSS611Z", "", "DEFAULT_SHORT_DESCRIPTION", "", "", "", "Disabled", "default", "Not Visible Individually", "Yes", "No", "No", "", "", "", "", "", "", "100.0000", "0.0000", "1", "0", "0", "1", "1.0000", "1", "0.0000", "1", "1", "", "0.0000", "1", "0", "1", "0", "1", "0.0000", "1", "0", "0", "1", "Default Name", "0", "simple", "", ""
"admin", "base", "Cordless Tool", "simple", "150", "MKBTD141", "0", "289", "", "1.0000", "", "", "Makita CORDLESS IMPACT DRIVER BTD141", "", "", "", "", "default-url-key", "", "DEFAULT_MODEL", "No", "default-url-key.html", "", "Block after Info Column", "No layout updates", " ", "Use config", "Use config", "", "", "", "", "", "", "", "", "CORDLESS IMPACT DRIVER MKBTD141", "", "DEFAULT_SHORT_DESCRIPTION", "", "", "", "Disabled", "default", "Not Visible Individually", "Yes", "No", "No", "", "", "", "", "", "", "100.0000", "0.0000", "1", "0", "0", "1", "1.0000", "1", "0.0000", "1", "1", "", "0.0000", "1", "0", "1", "0", "1", "0.0000", "1", "0", "0", "1", "Default Name", "0", "simple", "", ""
"admin", "base", "Cordless Tool", "simple", "150", "MKBTD142HW", "0", "189", "", "1.0000", "", "", "Makita CORDLESS IMPACT 18V BTD142HW", "", "", "", "", "default-url-key", "", "DEFAULT_MODEL", "No", "default-url-key.html", "", "Block after Info Column", "No layout updates", " ", "Use config", "Use config", "", "", "", "", "", "", "", "", "CORDLESS IMPACT 18V MKBTD142HW", "", "DEFAULT_SHORT_DESCRIPTION", "", "", "", "Disabled", "default", "Not Visible Individually", "Yes", "No", "No", "", "", "", "", "", "", "100.0000", "0.0000", "1", "0", "0", "1", "1.0000", "1", "0.0000", "1", "1", "", "0.0000", "1", "0", "1", "0", "1", "0.0000", "1", "0", "0", "1", "Default Name", "0", "simple", "", ""
"admin", "base", "Cordless Tool", "simple", "150", "MKBTL061", "0", "399", "", "1.0000", "", "", "Makita 18V LXT ANGLE IMPACT DRV BTL061", "", "", "", "", "default-url-key", "", "DEFAULT_MODEL", "No", "default-url-key.html", "", "Block after Info Column", "No layout updates", " ", "Use config", "Use config", "", "", "", "", "", "", "", "", "18V LXT ANGLE IMPACT DRV MKBTL061", "", "DEFAULT_SHORT_DESCRIPTION", "", "", "", "Disabled", "default", "Not Visible Individually", "Yes", "No", "No", "", "", "", "", "", "", "100.0000", "0.0000", "1", "0", "0", "1", "1.0000", "1", "0.0000", "1", "1", "", "0.0000", "1", "0", "1", "0", "1", "0.0000", "1", "0", "0", "1", "Default Name", "0", "simple", "", ""
"admin", "base", "Cordless Tool", "simple", "150", "MKBTL061Z", "0", "179", "", "1.0000", "", "", "Makita 18V LXT ANGLE IMPACT DRV BTL061", "", "", "", "", "default-url-key", "", "DEFAULT_MODEL", "No", "default-url-key.html", "", "Block after Info Column", "No layout updates", " ", "Use config", "Use config", "", "", "", "", "", "", "", "", "18V LXT ANGLE IMPACT DRV MKBTL061Z", "", "DEFAULT_SHORT_DESCRIPTION", "", "", "", "Disabled", "default", "Not Visible Individually", "Yes", "No", "No", "", "", "", "", "", "", "100.0000", "0.0000", "1", "0", "0", "1", "1.0000", "1", "0.0000", "1", "1", "", "0.0000", "1", "0", "1", "0", "1", "0.0000", "1", "0", "0", "1", "Default Name", "0", "simple", "", ""
"admin", "base", "Cordless Tool", "simple", "150", "MKBTL061Z", "0", "179", "", "1.0000", "", "", "Makita 18V LXT ANGLE IMPACT DRV BTL061Z", "", "", "", "", "default-url-key", "", "DEFAULT_MODEL", "No", "default-url-key.html", "", "Block after Info Column", "No layout updates", " ", "Use config", "Use config", "", "", "", "", "", "", "", "", "18V LXT ANGLE IMPACT DRV MKBTL061Z", "", "DEFAULT_SHORT_DESCRIPTION", "", "", "", "Disabled", "default", "Not Visible Individually", "Yes", "No", "No", "", "", "", "", "", "", "100.0000", "0.0000", "1", "0", "0", "1", "1.0000", "1", "0.0000", "1", "1", "", "0.0000", "1", "0", "1", "0", "1", "0.0000", "1", "0", "0", "1", "Default Name", "0", "simple", "", ""
"admin", "base", "Cordless Tool", "simple", "150", "MKBTL063", "0", "449", "", "1.0000", "", "", "Makita 18V LXT 3/8" ANGLE DRIVER BTL063", "", "", "", "", "default-url-key", "", "DEFAULT_MODEL", "No", "default-url-key.html", "", "Block after Info Column", "No layout updates", " ", "Use config", "Use config", "", "", "", "", "", "", "", "", "18V LXT 3/8" ANGLE DRIVER MKBTL063", "", "DEFAULT_SHORT_DESCRIPTION", "", "", "", "Disabled", "default", "Not Visible Individually", "Yes", "No", "No", "", "", "", "", "", "", "100.0000", "0.0000", "1", "0", "0", "1", "1.0000", "1", "0.0000", "1", "1", "", "0.0000", "1", "0", "1", "0", "1", "0.0000", "1", "0", "0", "1", "Default Name", "0", "simple", "", ""
"admin", "base", "Cordless Tool", "simple", "150", "MKBTL063Z", "0", "239", "", "1.0000", "", "", "Makita 18V LXT 3/8" ANGLE DRIVER BTL063", "", "", "", "", "default-url-key", "", "DEFAULT_MODEL", "No", "default-url-key.html", "", "Block after Info Column", "No layout updates", " ", "Use config", "Use config", "", "", "", "", "", "", "", "", "18V LXT 3/8" ANGLE DRIVER MKBTL063Z", "", "DEFAULT_SHORT_DESCRIPTION", "", "", "", "Disabled", "default", "Not Visible Individually", "Yes", "No", "No", "", "", "", "", "", "", "100.0000", "0.0000", "1", "0", "0", "1", "1.0000", "1", "0.0000", "1", "1", "", "0.0000", "1", "0", "1", "0", "1", "0.0000", "1", "0", "0", "1", "Default Name", "0", "simple", "", ""
"admin", "base", "Cordless Tool", "simple", "150", "MKBTL063Z", "0", "239", "", "1.0000", "", "", "Makita 18V LXT 3/8" ANGLE DRIVER BTL063Z", "", "", "", "", "default-url-key", "", "DEFAULT_MODEL", "No", "default-url-key.html", "", "Block after Info Column", "No layout updates", " ", "Use config", "Use config", "", "", "", "", "", "", "", "", "18V LXT 3/8" ANGLE DRIVER MKBTL063Z", "", "DEFAULT_SHORT_DESCRIPTION", "", "", "", "Disabled", "default", "Not Visible Individually", "Yes", "No", "No", "", "", "", "", "", "", "100.0000", "0.0000", "1", "0", "0", "1", "1.0000", "1", "0.0000", "1", "1", "", "0.0000", "1", "0", "1", "0", "1", "0.0000", "1", "0", "0", "1", "Default Name", "0", "simple", "", ""
"admin", "base", "Cordless Tool", "simple", "150", "MKBTW251", "0", "389", "", "1.0000", "", "", "Makita 18V LXT IMPACT 1/2" DRIVE BTW251", "", "", "", "", "default-url-key", "", "DEFAULT_MODEL", "No", "default-url-key.html", "", "Block after Info Column", "No layout updates", " ", "Use config", "Use config", "", "", "", "", "", "", "", "", "18V LXT IMPACT 1/2" DRIVE MKBTW251", "", "DEFAULT_SHORT_DESCRIPTION", "", "", "", "Disabled", "default", "Not Visible Individually", "Yes", "No", "No", "", "", "", "", "", "", "100.0000", "0.0000", "1", "0", "0", "1", "1.0000", "1", "0.0000", "1", "1", "", "0.0000", "1", "0", "1", "0", "1", "0.0000", "1", "0", "0", "1", "Default Name", "0", "simple", "", ""
"admin", "base", "Cordless Tool", "simple", "150", "MKBTW251Z", "0", "179", "", "1.0000", "", "", "Makita CORDLESS IMPACT 1/2" 18V BTW251", "", "", "", "", "default-url-key", "", "DEFAULT_MODEL", "No", "default-url-key.html", "", "Block after Info Column", "No layout updates", " ", "Use config", "Use config", "", "", "", "", "", "", "", "", "CORDLESS IMPACT 1/2" 18V MKBTW251Z", "", "DEFAULT_SHORT_DESCRIPTION", "", "", "", "Disabled", "default", "Not Visible Individually", "Yes", "No", "No", "", "", "", "", "", "", "100.0000", "0.0000", "1", "0", "0", "1", "1.0000", "1", "0.0000", "1", "1", "", "0.0000", "1", "0", "1", "0", "1", "0.0000", "1", "0", "0", "1", "Default Name", "0", "simple", "", ""
"admin", "base", "Cordless Tool", "simple", "150", "MKBTW251Z", "0", "179", "", "1.0000", "", "", "Makita CORDLESS IMPACT 1/2" 18V BTW251Z", "", "", "", "", "default-url-key", "", "DEFAULT_MODEL", "No", "default-url-key.html", "", "Block after Info Column", "No layout updates", " ", "Use config", "Use config", "", "", "", "", "", "", "", "", "CORDLESS IMPACT 1/2" 18V MKBTW251Z", "", "DEFAULT_SHORT_DESCRIPTION", "", "", "", "Disabled", "default", "Not Visible Individually", "Yes", "No", "No", "", "", "", "", "", "", "100.0000", "0.0000", "1", "0", "0", "1", "1.0000", "1", "0.0000", "1", "1", "", "0.0000", "1", "0", "1", "0", "1", "0.0000", "1", "0", "0", "1", "Default Name", "0", "simple", "", ""
"admin", "base", "Cordless Tool", "simple", "150", "MKBTW253", "0", "389", "", "1.0000", "", "", "Makita 18V LXT 3/8" IMPACT WRNCH BTW253", "", "", "", "", "default-url-key", "", "DEFAULT_MODEL", "No", "default-url-key.html", "", "Block after Info Column", "No layout updates", " ", "Use config", "Use config", "", "", "", "", "", "", "", "", "18V LXT 3/8" IMPACT WRNCH MKBTW253", "", "DEFAULT_SHORT_DESCRIPTION", "", "", "", "Disabled", "default", "Not Visible Individually", "Yes", "No", "No", "", "", "", "", "", "", "100.0000", "0.0000", "1", "0", "0", "1", "1.0000", "1", "0.0000", "1", "1", "", "0.0000", "1", "0", "1", "0", "1", "0.0000", "1", "0", "0", "1", "Default Name", "0", "simple", "", ""
"admin", "base", "Cordless Tool", "simple", "150", "MKBTW253Z", "0", "179", "", "1.0000", "", "", "Makita 18V LXT 3/8" SQ IMPACT WR BTW253", "", "", "", "", "default-url-key", "", "DEFAULT_MODEL", "No", "default-url-key.html", "", "Block after Info Column", "No layout updates", " ", "Use config", "Use config", "", "", "", "", "", "", "", "", "18V LXT 3/8" SQ IMPACT WR MKBTW253Z", "", "DEFAULT_SHORT_DESCRIPTION", "", "", "", "Disabled", "default", "Not Visible Individually", "Yes", "No", "No", "", "", "", "", "", "", "100.0000", "0.0000", "1", "0", "0", "1", "1.0000", "1", "0.0000", "1", "1", "", "0.0000", "1", "0", "1", "0", "1", "0.0000", "1", "0", "0", "1", "Default Name", "0", "simple", "", ""
"admin", "base", "Cordless Tool", "simple", "150", "MKBTW253Z", "0", "179", "", "1.0000", "", "", "Makita 18V LXT 3/8" SQ IMPACT WR BTW253Z", "", "", "", "", "default-url-key", "", "DEFAULT_MODEL", "No", "default-url-key.html", "", "Block after Info Column", "No layout updates", " ", "Use config", "Use config", "", "", "", "", "", "", "", "", "18V LXT 3/8" SQ IMPACT WR MKBTW253Z", "", "DEFAULT_SHORT_DESCRIPTION", "", "", "", "Disabled", "default", "Not Visible Individually", "Yes", "No", "No", "", "", "", "", "", "", "100.0000", "0.0000", "1", "0", "0", "1", "1.0000", "1", "0.0000", "1", "1", "", "0.0000", "1", "0", "1", "0", "1", "0.0000", "1", "0", "0", "1", "Default Name", "0", "simple", "", ""
"admin", "base", "Cordless Tool", "simple", "150", "MKBTW450", "0", "399", "", "1.0000", "", "", "Makita CORDLESS IMPACT 1/2" 18V BTW450", "", "", "", "", "default-url-key", "", "DEFAULT_MODEL", "No", "default-url-key.html", "", "Block after Info Column", "No layout updates", " ", "Use config", "Use config", "", "", "", "", "", "", "", "", "CORDLESS IMPACT 1/2" 18V MKBTW450", "", "DEFAULT_SHORT_DESCRIPTION", "", "", "", "Disabled", "default", "Not Visible Individually", "Yes", "No", "No", "", "", "", "", "", "", "100.0000", "0.0000", "1", "0", "0", "1", "1.0000", "1", "0.0000", "1", "1", "", "0.0000", "1", "0", "1", "0", "1", "0.0000", "1", "0", "0", "1", "Default Name", "0", "simple", "", ""
"admin", "base", "Cordless Tool", "simple", "150", "MKBTW450Z", "0", "179", "", "1.0000", "", "", "Makita 18V IMPACT WRENCH 1/2" DR BTW450", "", "", "", "", "default-url-key", "", "DEFAULT_MODEL", "No", "default-url-key.html", "", "Block after Info Column", "No layout updates", " ", "Use config", "Use config", "", "", "", "", "", "", "", "", "18V IMPACT WRENCH 1/2" DR MKBTW450Z", "", "DEFAULT_SHORT_DESCRIPTION", "", "", "", "Disabled", "default", "Not Visible Individually", "Yes", "No", "No", "", "", "", "", "", "", "100.0000", "0.0000", "1", "0", "0", "1", "1.0000", "1", "0.0000", "1", "1", "", "0.0000", "1", "0", "1", "0", "1", "0.0000", "1", "0", "0", "1", "Default Name", "0", "simple", "", ""
"admin", "base", "Cordless Tool", "simple", "150", "MKBTW450Z", "0", "179", "", "1.0000", "", "", "Makita 18V IMPACT WRENCH 1/2" DR BTW450Z", "", "", "", "", "default-url-key", "", "DEFAULT_MODEL", "No", "default-url-key.html", "", "Block after Info Column", "No layout updates", " ", "Use config", "Use config", "", "", "", "", "", "", "", "", "18V IMPACT WRENCH 1/2" DR MKBTW450Z", "", "DEFAULT_SHORT_DESCRIPTION", "", "", "", "Disabled", "default", "Not Visible Individually", "Yes", "No", "No", "", "", "", "", "", "", "100.0000", "0.0000", "1", "0", "0", "1", "1.0000", "1", "0.0000", "1", "1", "", "0.0000", "1", "0", "1", "0", "1", "0.0000", "1", "0", "0", "1", "Default Name", "0", "simple", "", ""
"admin", "base", "Cordless Tool", "simple", "150", "MKBUB182Z", "0", "99", "", "1.0000", "", "", "Makita BLOWER 18V VS LXT BUB182Z", "", "", "", "", "default-url-key", "", "DEFAULT_MODEL", "No", "default-url-key.html", "", "Block after Info Column", "No layout updates", " ", "Use config", "Use config", "", "", "", "", "", "", "", "", "BLOWER 18V VS LXT MKBUB182Z", "", "DEFAULT_SHORT_DESCRIPTION", "", "", "", "Disabled", "default", "Not Visible Individually", "Yes", "No", "No", "", "", "", "", "", "", "100.0000", "0.0000", "1", "0", "0", "1", "1.0000", "1", "0.0000", "1", "1", "", "0.0000", "1", "0", "1", "0", "1", "0.0000", "1", "0", "0", "1", "Default Name", "0", "simple", "", ""
"admin", "base", "Cordless Tool", "simple", "150", "MKDA3010F", "0", "229", "", "1.0000", "", "", "Makita ANGLE DRILL - 3/8" CAPAC DA3010F", "", "", "", "", "default-url-key", "", "DEFAULT_MODEL", "No", "default-url-key.html", "", "Block after Info Column", "No layout updates", " ", "Use config", "Use config", "", "", "", "", "", "", "", "", "ANGLE DRILL - 3/8" CAPAC MKDA3010F", "", "DEFAULT_SHORT_DESCRIPTION", "", "", "", "Disabled", "default", "Not Visible Individually", "Yes", "No", "No", "", "", "", "", "", "", "100.0000", "0.0000", "1", "0", "0", "1", "1.0000", "1", "0.0000", "1", "1", "", "0.0000", "1", "0", "1", "0", "1", "0.0000", "1", "0", "0", "1", "Default Name", "0", "simple", "", ""
"admin", "base", "Cordless Tool", "simple", "150", "MKDA4031", "0", "409", "", "1.0000", "", "", "Makita DRILL MOTOR 1/2" ANGLE DA4031", "", "", "", "", "default-url-key", "", "DEFAULT_MODEL", "No", "default-url-key.html", "", "Block after Info Column", "No layout updates", " ", "Use config", "Use config", "", "", "", "", "", "", "", "", "DRILL MOTOR 1/2" ANGLE MKDA4031", "", "DEFAULT_SHORT_DESCRIPTION", "", "", "", "Disabled", "default", "Not Visible Individually", "Yes", "No", "No", "", "", "", "", "", "", "100.0000", "0.0000", "1", "0", "0", "1", "1.0000", "1", "0.0000", "1", "1", "", "0.0000", "1", "0", "1", "0", "1", "0.0000", "1", "0", "0", "1", "Default Name", "0", "simple", "", ""
"admin", "base", "Cordless Tool", "simple", "150", "MKDF010DSE", "0", "179", "", "1.0000", "", "", "Makita 7.2V LITH DRIVER 200/650R DF010DSE", "", "", "", "", "default-url-key", "", "DEFAULT_MODEL", "No", "default-url-key.html", "", "Block after Info Column", "No layout updates", " ", "Use config", "Use config", "", "", "", "", "", "", "", "", "7.2V LITH DRIVER 200/650R MKDF010DSE", "", "DEFAULT_SHORT_DESCRIPTION", "", "", "", "Disabled", "default", "Not Visible Individually", "Yes", "No", "No", "", "", "", "", "", "", "100.0000", "0.0000", "1", "0", "0", "1", "1.0000", "1", "0.0000", "1", "1", "", "0.0000", "1", "0", "1", "0", "1", "0.0000", "1", "0", "0", "1", "Default Name", "0", "simple", "", ""
"admin", "base", "Cordless Tool", "simple", "150", "MKDP4000", "0", "169", "", "1.0000", "", "", "Makita DRILL MOTOR 1/2" DP4000", "", "", "", "", "default-url-key", "", "DEFAULT_MODEL", "No", "default-url-key.html", "", "Block after Info Column", "No layout updates", " ", "Use config", "Use config", "", "", "", "", "", "", "", "", "DRILL MOTOR 1/2" MKDP4000", "", "DEFAULT_SHORT_DESCRIPTION", "", "", "", "Disabled", "default", "Not Visible Individually", "Yes", "No", "No", "", "", "", "", "", "", "100.0000", "0.0000", "1", "0", "0", "1", "1.0000", "1", "0.0000", "1", "1", "", "0.0000", "1", "0", "1", "0", "1", "0.0000", "1", "0", "0", "1", "Default Name", "0", "simple", "", ""
"admin", "base", "Cordless Tool", "simple", "150", "MKDP4002", "0", "179", "", "1.0000", "", "", "Makita DRILL MOTOR 1/2" DP4002", "", "", "", "", "default-url-key", "", "DEFAULT_MODEL", "No", "default-url-key.html", "", "Block after Info Column", "No layout updates", " ", "Use config", "Use config", "", "", "", "", "", "", "", "", "DRILL MOTOR 1/2" MKDP4002", "", "DEFAULT_SHORT_DESCRIPTION", "", "", "", "Disabled", "default", "Not Visible Individually", "Yes", "No", "No", "", "", "", "", "", "", "100.0000", "0.0000", "1", "0", "0", "1", "1.0000", "1", "0.0000", "1", "1", "", "0.0000", "1", "0", "1", "0", "1", "0.0000", "1", "0", "0", "1", "Default Name", "0", "simple", "", ""
"admin", "base", "Cordless Tool", "simple", "150", "MKDPC7331", "0", "949", "", "1.0000", "", "", "Makita 14" 73CC POWER CUTTER DPC7331", "", "", "", "", "default-url-key", "", "DEFAULT_MODEL", "No", "default-url-key.html", "", "Block after Info Column", "No layout updates", " ", "Use config", "Use config", "", "", "", "", "", "", "", "", "14" 73CC POWER CUTTER MKDPC7331", "", "DEFAULT_SHORT_DESCRIPTION", "", "", "", "Disabled", "default", "Not Visible Individually", "Yes", "No", "No", "", "", "", "", "", "", "100.0000", "0.0000", "1", "0", "0", "1", "1.0000", "1", "0.0000", "1", "1", "", "0.0000", "1", "0", "1", "0", "1", "0.0000", "1", "0", "0", "1", "Default Name", "0", "simple", "", ""
"admin", "base", "Cordless Tool", "simple", "150", "MKDS4000", "0", "279", "", "1.0000", "", "", "Makita DRILL MOTOR 1/2" HD SPADE DS4000", "", "", "", "", "default-url-key", "", "DEFAULT_MODEL", "No", "default-url-key.html", "", "Block after Info Column", "No layout updates", " ", "Use config", "Use config", "", "", "", "", "", "", "", "", "DRILL MOTOR 1/2" HD SPADE MKDS4000", "", "DEFAULT_SHORT_DESCRIPTION", "", "", "", "Disabled", "default", "Not Visible Individually", "Yes", "No", "No", "", "", "", "", "", "", "100.0000", "0.0000", "1", "0", "0", "1", "1.0000", "1", "0.0000", "1", "1", "", "0.0000", "1", "0", "1", "0", "1", "0.0000", "1", "0", "0", "1", "Default Name", "0", "simple", "", ""
"admin", "base", "Cordless Tool", "simple", "150", "MKFD01W", "0", "119", "", "1.0000", "", "", "Makita 12V MAX 1/4" HEX DRIVER FD01W", "", "", "", "", "default-url-key", "", "DEFAULT_MODEL", "No", "default-url-key.html", "", "Block after Info Column", "No layout updates", " ", "Use config", "Use config", "", "", "", "", "", "", "", "", "12V MAX 1/4" HEX DRIVER MKFD01W", "", "DEFAULT_SHORT_DESCRIPTION", "", "", "", "Disabled", "default", "Not Visible Individually", "Yes", "No", "No", "", "", "", "", "", "", "100.0000", "0.0000", "1", "0", "0", "1", "1.0000", "1", "0.0000", "1", "1", "", "0.0000", "1", "0", "1", "0", "1", "0.0000", "1", "0", "0", "1", "Default Name", "0", "simple", "", ""
"admin", "base", "Cordless Tool", "simple", "150", "MKFS2500", "0", "149", "", "1.0000", "", "", "Makita TEK SCREWGUN 0-2,500VSR FS2500", "", "", "", "", "default-url-key", "", "DEFAULT_MODEL", "No", "default-url-key.html", "", "Block after Info Column", "No layout updates", " ", "Use config", "Use config", "", "", "", "", "", "", "", "", "TEK SCREWGUN 0-2,500VSR MKFS2500", "", "DEFAULT_SHORT_DESCRIPTION", "", "", "", "Disabled", "default", "Not Visible Individually", "Yes", "No", "No", "", "", "", "", "", "", "100.0000", "0.0000", "1", "0", "0", "1", "1.0000", "1", "0.0000", "1", "1", "", "0.0000", "1", "0", "1", "0", "1", "0.0000", "1", "0", "0", "1", "Default Name", "0", "simple", "", ""
"admin", "base", "Cordless Tool", "simple", "150", "MKFS4200", "0", "99.39", "", "1.0000", "", "", "Makita DRYWALL SCREWGUN 0-4000 FS4200", "", "", "", "", "default-url-key", "", "DEFAULT_MODEL", "No", "default-url-key.html", "", "Block after Info Column", "No layout updates", " ", "Use config", "Use config", "", "", "", "", "", "", "", "", "DRYWALL SCREWGUN 0-4000 MKFS4200", "", "DEFAULT_SHORT_DESCRIPTION", "", "", "", "Disabled", "default", "Not Visible Individually", "Yes", "No", "No", "", "", "", "", "", "", "100.0000", "0.0000", "1", "0", "0", "1", "1.0000", "1", "0.0000", "1", "1", "", "0.0000", "1", "0", "1", "0", "1", "0.0000", "1", "0", "0", "1", "Default Name", "0", "simple", "", ""
"admin", "base", "Cordless Tool", "simple", "150", "MKFS6200", "0", "99.39", "", "1.0000", "", "", "Makita DRYWALL SCREWGUN 0-6000 FS6200", "", "", "", "", "default-url-key", "", "DEFAULT_MODEL", "No", "default-url-key.html", "", "Block after Info Column", "No layout updates", " ", "Use config", "Use config", "", "", "", "", "", "", "", "", "DRYWALL SCREWGUN 0-6000 MKFS6200", "", "DEFAULT_SHORT_DESCRIPTION", "", "", "", "Disabled", "default", "Not Visible Individually", "Yes", "No", "No", "", "", "", "", "", "", "100.0000", "0.0000", "1", "0", "0", "1", "1.0000", "1", "0.0000", "1", "1", "", "0.0000", "1", "0", "1", "0", "1", "0.0000", "1", "0", "0", "1", "Default Name", "0", "simple", "", ""
"admin", "base", "Cordless Tool", "simple", "150", "MKGA4030K", "0", "59.39", "", "1.0000", "", "", "Makita GRINDER 4" W/GUARD GA4030K", "", "", "", "", "default-url-key", "", "DEFAULT_MODEL", "No", "default-url-key.html", "", "Block after Info Column", "No layout updates", " ", "Use config", "Use config", "", "", "", "", "", "", "", "", "GRINDER 4" W/GUARD MKGA4030K", "", "DEFAULT_SHORT_DESCRIPTION", "", "", "", "Disabled", "default", "Not Visible Individually", "Yes", "No", "No", "", "", "", "", "", "", "100.0000", "0.0000", "1", "0", "0", "1", "1.0000", "1", "0.0000", "1", "1", "", "0.0000", "1", "0", "1", "0", "1", "0.0000", "1", "0", "0", "1", "Default Name", "0", "simple", "", ""
"admin", "base", "Cordless Tool", "simple", "150", "MKGA4530X", "0", "59.39", "", "1.0000", "", "", "Makita GRINDER 4-1/2" W/GUARD, GA4530X", "", "", "", "", "default-url-key", "", "DEFAULT_MODEL", "No", "default-url-key.html", "", "Block after Info Column", "No layout updates", " ", "Use config", "Use config", "", "", "", "", "", "", "", "", "GRINDER 4-1/2" W/GUARD, MKGA4530X", "", "DEFAULT_SHORT_DESCRIPTION", "", "", "", "Disabled", "default", "Not Visible Individually", "Yes", "No", "No", "", "", "", "", "", "", "100.0000", "0.0000", "1", "0", "0", "1", "1.0000", "1", "0.0000", "1", "1", "", "0.0000", "1", "0", "1", "0", "1", "0.0000", "1", "0", "0", "1", "Default Name", "0", "simple", "", ""
"admin", "base", "Cordless Tool", "simple", "150", "MKGA5020", "0", "149", "", "1.0000", "", "", "Makita GRINDER 5" W/ GUARD GA5020", "", "", "", "", "default-url-key", "", "DEFAULT_MODEL", "No", "default-url-key.html", "", "Block after Info Column", "No layout updates", " ", "Use config", "Use config", "", "", "", "", "", "", "", "", "GRINDER 5" W/ GUARD MKGA5020", "", "DEFAULT_SHORT_DESCRIPTION", "", "", "", "Disabled", "default", "Not Visible Individually", "Yes", "No", "No", "", "", "", "", "", "", "100.0000", "0.0000", "1", "0", "0", "1", "1.0000", "1", "0.0000", "1", "1", "", "0.0000", "1", "0", "1", "0", "1", "0.0000", "1", "0", "0", "1", "Default Name", "0", "simple", "", ""
"admin", "base", "Cordless Tool", "simple", "150", "MKGA7001L", "0", "239", "", "1.0000", "", "", "Makita GRINDER 7" W/ GUARD 15AMP GA7001L", "", "", "", "", "default-url-key", "", "DEFAULT_MODEL", "No", "default-url-key.html", "", "Block after Info Column", "No layout updates", " ", "Use config", "Use config", "", "", "", "", "", "", "", "", "GRINDER 7" W/ GUARD 15AMP MKGA7001L", "", "DEFAULT_SHORT_DESCRIPTION", "", "", "", "Disabled", "default", "Not Visible Individually", "Yes", "No", "No", "", "", "", "", "", "", "100.0000", "0.0000", "1", "0", "0", "1", "1.0000", "1", "0.0000", "1", "1", "", "0.0000", "1", "0", "1", "0", "1", "0.0000", "1", "0", "0", "1", "Default Name", "0", "simple", "", ""
"admin", "base", "Cordless Tool", "simple", "150", "MKGA7020", "0", "179", "", "1.0000", "", "", "Makita GRINDER 7" W/GUARD GA7020", "", "", "", "", "default-url-key", "", "DEFAULT_MODEL", "No", "default-url-key.html", "", "Block after Info Column", "No layout updates", " ", "Use config", "Use config", "", "", "", "", "", "", "", "", "GRINDER 7" W/GUARD MKGA7020", "", "DEFAULT_SHORT_DESCRIPTION", "", "", "", "Disabled", "default", "Not Visible Individually", "Yes", "No", "No", "", "", "", "", "", "", "100.0000", "0.0000", "1", "0", "0", "1", "1.0000", "1", "0.0000", "1", "1", "", "0.0000", "1", "0", "1", "0", "1", "0.0000", "1", "0", "0", "1", "Default Name", "0", "simple", "", ""
"admin", "base", "Cordless Tool", "simple", "150", "MKGA7021", "0", "169", "", "1.0000", "", "", "Makita GRINDER 7" W/GUARD GA7021", "", "", "", "", "default-url-key", "", "DEFAULT_MODEL", "No", "default-url-key.html", "", "Block after Info Column", "No layout updates", " ", "Use config", "Use config", "", "", "", "", "", "", "", "", "GRINDER 7" W/GUARD MKGA7021", "", "DEFAULT_SHORT_DESCRIPTION", "", "", "", "Disabled", "default", "Not Visible Individually", "Yes", "No", "No", "", "", "", "", "", "", "100.0000", "0.0000", "1", "0", "0", "1", "1.0000", "1", "0.0000", "1", "1", "", "0.0000", "1", "0", "1", "0", "1", "0.0000", "1", "0", "0", "1", "Default Name", "0", "simple", "", ""
"admin", "base", "Cordless Tool", "simple", "150", "MKGA7911", "0", "209", "", "1.0000", "", "", "Makita GRINDER/SANDER 7" GA7911", "", "", "", "", "default-url-key", "", "DEFAULT_MODEL", "No", "default-url-key.html", "", "Block after Info Column", "No layout updates", " ", "Use config", "Use config", "", "", "", "", "", "", "", "", "GRINDER/SANDER 7" MKGA7911", "", "DEFAULT_SHORT_DESCRIPTION", "", "", "", "Disabled", "default", "Not Visible Individually", "Yes", "No", "No", "", "", "", "", "", "", "100.0000", "0.0000", "1", "0", "0", "1", "1.0000", "1", "0.0000", "1", "1", "", "0.0000", "1", "0", "1", "0", "1", "0.0000", "1", "0", "0", "1", "Default Name", "0", "simple", "", ""
"admin", "base", "Cordless Tool", "simple", "150", "MKGA9020", "0", "169", "", "1.0000", "", "", "Makita GRINDER 9" W/GUARD GA9020", "", "", "", "", "default-url-key", "", "DEFAULT_MODEL", "No", "default-url-key.html", "", "Block after Info Column", "No layout updates", " ", "Use config", "Use config", "", "", "", "", "", "", "", "", "GRINDER 9" W/GUARD MKGA9020", "", "DEFAULT_SHORT_DESCRIPTION", "", "", "", "Disabled", "default", "Not Visible Individually", "Yes", "No", "No", "", "", "", "", "", "", "100.0000", "0.0000", "1", "0", "0", "1", "1.0000", "1", "0.0000", "1", "1", "", "0.0000", "1", "0", "1", "0", "1", "0.0000", "1", "0", "0", "1", "Default Name", "0", "simple", "", ""
"admin", "base", "Cordless Tool", "simple", "150", "MKGD0600", "0", "129", "", "1.0000", "", "", "Makita DIE GRINDER 1/4" COLLET GD0600", "", "", "", "", "default-url-key", "", "DEFAULT_MODEL", "No", "default-url-key.html", "", "Block after Info Column", "No layout updates", " ", "Use config", "Use config", "", "", "", "", "", "", "", "", "DIE GRINDER 1/4" COLLET MKGD0600", "", "DEFAULT_SHORT_DESCRIPTION", "", "", "", "Disabled", "default", "Not Visible Individually", "Yes", "No", "No", "", "", "", "", "", "", "100.0000", "0.0000", "1", "0", "0", "1", "1.0000", "1", "0.0000", "1", "1", "", "0.0000", "1", "0", "1", "0", "1", "0.0000", "1", "0", "0", "1", "Default Name", "0", "simple", "", ""
"admin", "base", "Cordless Tool", "simple", "150", "MKGD0601", "0", "109", "", "1.0000", "", "", "Makita DIE GRINDER 1/4" COLLET GD0601", "", "", "", "", "default-url-key", "", "DEFAULT_MODEL", "No", "default-url-key.html", "", "Block after Info Column", "No layout updates", " ", "Use config", "Use config", "", "", "", "", "", "", "", "", "DIE GRINDER 1/4" COLLET MKGD0601", "", "DEFAULT_SHORT_DESCRIPTION", "", "", "", "Disabled", "default", "Not Visible Individually", "Yes", "No", "No", "", "", "", "", "", "", "100.0000", "0.0000", "1", "0", "0", "1", "1.0000", "1", "0.0000", "1", "1", "", "0.0000", "1", "0", "1", "0", "1", "0.0000", "1", "0", "0", "1", "Default Name", "0", "simple", "", ""
"admin", "base", "Cordless Tool", "simple", "150", "MKGV5010", "0", "99", "", "1.0000", "", "", "Makita SANDER 5" DISC GV5010", "", "", "", "", "default-url-key", "", "DEFAULT_MODEL", "No", "default-url-key.html", "", "Block after Info Column", "No layout updates", " ", "Use config", "Use config", "", "", "", "", "", "", "", "", "SANDER 5" DISC MKGV5010", "", "DEFAULT_SHORT_DESCRIPTION", "", "", "", "Disabled", "default", "Not Visible Individually", "Yes", "No", "No", "", "", "", "", "", "", "100.0000", "0.0000", "1", "0", "0", "1", "1.0000", "1", "0.0000", "1", "1", "", "0.0000", "1", "0", "1", "0", "1", "0.0000", "1", "0", "0", "1", "Default Name", "0", "simple", "", ""
"admin", "base", "Cordless Tool", "simple", "150", "MKGV7000C", "0", "199", "", "1.0000", "", "", "Makita 7" VERTICAL VS SANDER GV7000C", "", "", "", "", "default-url-key", "", "DEFAULT_MODEL", "No", "default-url-key.html", "", "Block after Info Column", "No layout updates", " ", "Use config", "Use config", "", "", "", "", "", "", "", "", "7" VERTICAL VS SANDER MKGV7000C", "", "DEFAULT_SHORT_DESCRIPTION", "", "", "", "Disabled", "default", "Not Visible Individually", "Yes", "No", "No", "", "", "", "", "", "", "100.0000", "0.0000", "1", "0", "0", "1", "1.0000", "1", "0.0000", "1", "1", "", "0.0000", "1", "0", "1", "0", "1", "0.0000", "1", "0", "0", "1", "Default Name", "0", "simple", "", ""
"admin", "base", "Cordless Tool", "simple", "150", "MKHG1100", "0", "89.39", "", "1.0000", "", "", "Makita HEAT GUN HG1100", "", "", "", "", "default-url-key", "", "DEFAULT_MODEL", "No", "default-url-key.html", "", "Block after Info Column", "No layout updates", " ", "Use config", "Use config", "", "", "", "", "", "", "", "", "HEAT GUN MKHG1100", "", "DEFAULT_SHORT_DESCRIPTION", "", "", "", "Disabled", "default", "Not Visible Individually", "Yes", "No", "No", "", "", "", "", "", "", "100.0000", "0.0000", "1", "0", "0", "1", "1.0000", "1", "0.0000", "1", "1", "", "0.0000", "1", "0", "1", "0", "1", "0.0000", "1", "0", "0", "1", "Default Name", "0", "simple", "", ""
"admin", "base", "Cordless Tool", "simple", "150", "MKHK1810", "0", "399", "", "1.0000", "", "", "Makita POWER SCRAPER HK1810", "", "", "", "", "default-url-key", "", "DEFAULT_MODEL", "No", "default-url-key.html", "", "Block after Info Column", "No layout updates", " ", "Use config", "Use config", "", "", "", "", "", "", "", "", "POWER SCRAPER MKHK1810", "", "DEFAULT_SHORT_DESCRIPTION", "", "", "", "Disabled", "default", "Not Visible Individually", "Yes", "No", "No", "", "", "", "", "", "", "100.0000", "0.0000", "1", "0", "0", "1", "1.0000", "1", "0.0000", "1", "1", "", "0.0000", "1", "0", "1", "0", "1", "0.0000", "1", "0", "0", "1", "Default Name", "0", "simple", "", ""

